decoded_french,labels,decoded_hyp_list
"Un homme soudait, à mesure que les étincelles tomb",0,Il y a un homme qui travaille.
Trois hommes se parlent l'un l'autre et b,1,Trois hommes jouissent d'une heure heureuse après le travail.
Les patineurs à figure en paire font une routine sur la glace.,1,Couples en pratique pour un concours de patinage.
L'homme a sa chemise blanche sur un champ vert.,0,Un homme est sans chemise en dehors d'un champ vert
Une jeune fille en chemise bleue marche dans le trottoir,2,"Un vieux homme en marche, ne tenant rien."
Une femme à cheveux foncés et à chanda,0,Une femme est à l'extérieur
Un homme et une jeune fille mangent un repas dans une rue de la,1,Un homme et une jeune fille mangent au milieu d'une rue
Un homme kayake dans l'eau rugueuse.,0,C'est un défi.
"Une petite fille dorme sur un plancher muré, avec une veste rose",1,l'enfant était heureux
Homme à l'âge plus âgé en shorts blancs et,2,Deux personnes avalisent un bateau.
Une femme parle sur un téléphone cellulaire.,1,une femme écoute son message vocal
Un homme oriental ajuste une caméra avec une lumière en dessus.,1,Il y a un homme sur le point de prendre des photos pour un mariage.
Un pilote quitte une maison.,1,Un pilote quitte son domicile pour aller travailler.
Un homme dorme sur un banc de parc.,0,Un homme dorme à l'extérieur sur un banc.
Une femelle de balle molle se glisse spectaculairement dans,1,Le matelot porte un jigge bleu.
Deux chiens bruns et blancs s'établissent sur des,2,Les chats roulaient sur les roches.
Profil d'un jeune ayant un style de poils punk et,2,Profil d'un vieux homme sans poils.
Bride avec un voile blanc regardant vers le bas.,2,Une bride est habillée pour nager.
"Le dos d'un homme portant tout le noir, qui regarde un",2,L'homme n'a pas de chemise à dos.
Un souriant homme à cheveux bruns courts dans une chemise noire,1,L'homme achète de nouveaux souliers.
Un homme portant des écouteurs et s'assistant devant,0,Un homme se trouve autour d'un microphone et a des
Un homme plus âgé sourire en strumant une guitare dans la rue,0,Un homme joue la guitare.
Les pieds de l'oiseau prennent la fenêtre en douceur.,0,L'oiseau a ses pieds sur la fenêtre.
Un homme à l'échelon d'une échelle où,1,L'échelle est rusy
Un homme inspecte un gros marteau.,0,Un homme inspecte un marteau.
Un chien brun en somme s'étend sur une grande partie d',1,L'arbre est tombé d'une tempête.
Les femmes en avertissant son bras en position.,2,Personne ne s'en tient à dire.
Un homme plus âgé fait une pose de karate.,0,d’un homme pose
Un homme flamboyant en habillé emprunte un cheval dont le man,0,Un homme en chevaux.
Un garçon en jeans et un tête-souvenir bleu,2,Un garçon et une fille qui ont un pique-nique sous un
Une petite fille dans un sarong orange tient sa poupée,2,Elle s'enfonce à s'enfoncer.
Trois jeunes hommes en robe à l'occasion autour de bicyclettes,2,Personne en foule
une jeune fille blonde ayant une magizine dans ses mains,2,Une jeune fille tient un livre.
"Enfant, homme et femme marchent près de l'eau.",0,Les gens sont à l'extérieur.
De nombreuses personnes en chemises blanches marchent en arrière.,2,Des gens en uniforme noir se trouvent sur une rue.
Un grand poisson vert et bleu se saute de l'eau.,2,Un grand poisson nageant sous-marin.
Un homme en châssis bleu rayé photographie un signe,0,Un homme en chemise prenant des photographies.
L'homme portant un costume coloré tient quelque chose aux deux mains e,1,L'homme est clown dans une image.
Quatre adolescentes sont montrées jouer au soccer sur,2,Deux hommes et une fille jouent au soccer ensoleillé en
Le cowboy équite un cheval à l'arrière dans une,1,Un chevalier équitable est en train de rouler un cheval avec une
Deux hommes jouent le basket-ball sur un terrain de basket-ball avec des spectateur,0,Il y a des hommes qui jouent le basket-ball.
et un couple en ride carnaval à l'appel.,2,le couple dorme à la maison
Deux hommes portant des chapeaux durs à l'aide d'un,1,Deux hommes portant des chapeaux durs supervisent le travail de rue.
Un chien s'envole dans un champ d'herbe brune.,2,Un chien s'étend sur le sable de la plage.
Un homme assis sur une machinerie le long d'une route près des,0,Une séance humaine.
Un homme portant un chapeau et un écusson se,2,l’homme en marche.
Un groupe de jeunes hommes joue des instruments pour une foule.,2,les porcs mangent du poisson
Un homme portant tout le noir et un chapeau noir est souriant,2,Un homme noir crie de tristesse.
Un homme en tachets chante étroitement dans un,1,Le microphone est noir.
Travailleur en construction en veste orange pondant des pavers en,0,Un travailleur de la construction porte un veste orange.
Un homme du milieu-est pose pour une photo à un stand de ra,2,d’un chien mange du steak
Un grand groupe de personnes se trouve au milieu d'un domaine.,1,Il y a un grand groupe d'hommes au milieu du terrain.
Une fille à cheveux foncés naît sous l,1,Une jeune fille s'enrôle dans la piscine.
trois enfants blonds bien habillés dans une cage.,1,Ils sont des sibilisations.
un homme saute sur un obstacle transportant son vélo,0,Un homme est à l'extérieur.
Une femme et un petit garçon sont souriants et l'enfant,1,Une femme s'occupe de la cuisine pour son fils.
Une femme tient un bébé sur son givre et tient la main,2,Une femme a l'air d'un avion.
Une femme asiatique plus âgée a l'habitude de produire quelques légumes,1,Une femme montre à ses petits-enfants les légumes qu'elle vient de ramass
Les jeunes garçons et les filles à capuchon se t,1,Un jeune garçon et une jeune fille se trouvent à l'
Il y a deux hommes sur une échelle l'un est au s,0,Deux hommes travaillent.
Deux femmes en vêtement noir et pieds nus s'en,0,Deux femmes s'en prennent à l'écoute.
Un homme en veste multicolore et une femme en robe,1,Un homme et sa femme chantent pour une foule
Les gens attendent à l'intersection occupée à la prom,1,Les gens attendent d'embarquer dans un autobus.
Deux femmes en costume se préparant mutuellement leurs vêtements,2,Les hommes se préparent à chanter.
Un homme portant des lunettes de soleil se tient sur un train de m,0,Un homme se tient.
Deux chiens se battent dans la rue.,1,Certains chiens roulent autour
Un grand chien brun joue dans la terre et l'herbe.,0,Un grand chien brun roule dans la terre.
"Deux garçons, deux filles, s'enfoncent et",0,Les quatre enfants sont prêts à courir le parc d'agrément.
Un chien brun se trouve sur la plage.,2,Un chien brun joue à côté d'un hydrant à feu.
L'enfant s'écarte du plan de plongée à la piscine,1,"Le garçon s'écarte du plan de plongée à la piscine,"
Les gens du parc regardent le jeu.,1,Les gens regardent un jeu de baseball dans un parc.
Une femme ayant une chemise rose et des cheveux bruns fon,0,Une femme est heureuse d'avoir des bonbons de coton.
Les gens dans une pièce sombre qui a des murs éclairés par,0,Une chambre presque foncée ne s'éclairant que par
Deux petits garçons dans un canot plongant sur la rivière.,0,Il y a des gens à l'extérieur.
Un petit garçon à cheveux bruns a sauté d'un chaise brune,0,Le petit garçon n'est pas en panne.
Un groupe de gens regardent sur un homme en voyant un tableau blanc.,2,Un groupe de gens regardent comme un homme dorme.
Un homme en vélo dans un champ.,1,L'homme se compétitit dans une course à vélo.
Un homme s'engele sur un tapis vert surprenant le paysage,2,Un homme a la nature.
Un bébé terrifiant (et terrifiant) crie en,2,Le bébé dorme sainement.
l’homme assis sur une roche.,2,L'homme se tient
Un homme en costume foncé s'efforce de kiss,2,Deux hommes combattent
Un homme et une femme marchent sur le trottoir.,2,Deux hommes marchent sur un trottoir.
Une soirée de bridal entourant une bride assise sur un canapé.,1,Une bride prend une photo avec sa famille.
Une jeune femme qui marche dans les ombres devant une zone clôturée.,0,Une femme marche le long d'une clôture.
Une personne en bleu entraînée sur un arrière-plan à,0,La personne portant le bleu est à l'extérieur.
Un homme élargie jouant la guitare sur scène.,2,L'homme joue la guitare dans sa chambre.
Une femme portant du noir et des cheveux noirs se tient devant un mur,2,La femme conduit sa voiture pour travailler.
Un homme s'envole d'une corde dans un lac.,0,Un homme semble être sur le point de s'en rendre dans un lac.
Un patineur est photographié sautant d'une étape.,0,Le skateboarder sait à quel point il roule à bord
Un homme plus âgé semble être à une fête assis sur un banc pourpre,1,L'homme participe à une fête et est habillé dans des vêtements
Un homme en châssis rouge à long sangle,0,Un homme évolue à vélo.
Les gens marchent sur le trottoir le long du stationnement devant un magasin,0,Les gens marchent devant un magasin
Un jeune homme ayant un casque noir et des coudes effectue,1,Une personne évolue à vélo dans un parc de patins.
Lieu de spectacle de rue à la plage sur des stilts jouant,1,Il y a des hommes qui marchent sur la plage.
Une femme qui présente un grand grille à l'intérieur d'un magasin,1,Une femme qui utilise un grille devant un magasin.
Un policier se trouve à l'extérieur de la porte d'un,2,l’homme de police en conduit.
Les gens marchent sur un pont au-dessus de l'eau.,2,Les gens roulent vraiment vite dans leurs voitures sur une route flate e
"Dans une représentation de rue, un adolescent s'enfonce",1,Deux artistes de rue sont la danse hip hop.
Trois personnes se reposent sur un ledge au-dessus des moutains.,0,Les gens sont des randonneurs ou des alpinistes.
Un homme travaille derrière son stand de fruits et légumes.,1,Un homme vend des aliments aux gens de la ville.
Une jeune gymnaste femelle se pose sur un matou en regardant une,2,La fille se pose
Une femme en rose est en position d'une jambe au sol e,2,Personne ne pose.
Le dos du chapeau portant un juggler et ayant deux,2,Un tambour en gardant ses boulons.
Vous avez l'habitude de s'alimenter avec des poivrons,0,Une personne qui cuit des poivrons chauds au milieu de l'hiver.
Deux hommes assiment sur une couche blanche.,1,Deux hommes sont à la maison assis sur leur canapé.
Un chien chasse un autre par un arbre.,1,Un chien chasse un autre chien qui a un os dans sa bouche.
Un homme en bleu informe en gardant une balle de soccer,0,Une personne est à l'extérieur.
Le joueur de basket-ball porte des chaussures oranges.,1,Le joueur de basket-ball pro porte des nikes.
Trois amis sourire pour la caméra en s'adressant à un repas,0,Les gens mangent un repas ensemble.
une femme en pantalon noir marche sur le trottoir.,0,une femme en pantalon noir marche sur le trottoir et est à
Deux chiens traversent un champ d’herbe,0,Il y a deux animaux dans cette image.
Quatre hommes à cheveux foncés assient autour d,0,Quatre hommes se trouvent autour d'un panier de poissons
Une fille portant un manteau blanc en bouillant dans une font,2,Une fille portant un vêtement ab ne peut pas se tenir.
Une femme âgée assise à la fenêtre.,1,une femme lise un journal
Un homme en chapeau s'enfonce en avant avec des gens,0,Vous avez l'habitude de porter un chapeau.
"Cinq musiciens, trois femmes et deux hommes, regardent sur un mur avec",0,Il existe au moins deux instruments.
Le chien noir saute dans l'air avec le chien blanc bouss,1,Le chien noir pique une frisbee.
Un homme et une femme portent des casques en s'e,0,Un couple se bâtonne.
Une personne hanche qui lise un magazine en jouant d,2,Un homme dorme.
Un enfant en veste bleue souriant.,0,Un enfant rit à l'aise.
Un groupe de filles dansant sur une scène.,2,Un groupe de femmes siège à côté d'une scène
Un jeune homme en hoodie rayée regarde une publicité artistique,1,Un homme pause devant un magasin Levi pour lire l'annonce.
Une femme regarde dans les jumelles tout en se bouchant devant une,2,La femme regarde l'océan.
Les garçons sont sur le terrain de soccer et jouent du soccer.,0,Ils jouent à l'extérieur du camp.
Enfants dans un champ à la détroite.,1,Les enfants jouent sur un terrain.
Les hommes se trouvent à pied des roches avec un enfant.,1,Les sages sont à pied avec les enfants et ils se rendent
Quatre garçons jouent sur un terrain de jeu,0,Les enfants jouent.
"L'homme ayant une caméra et un équipement de cinéma anciens,",0,Il y a plusieurs personnes présentes.
"une personne à moteur, en traversant les bois",1,La moto s'est écrasée dans les bois.
Un adolescent à manches rayées jouant une guitar,0,Un jeune musicien joue la guitare.
Un homme d'un châtir bleu emprunte un vélo,1,l'homme va rencontrer sa sa salope
Une personne portant un engins de protection sur une snowboarde dans l'air,0,Un snowboardeur en plein air avec engins de protection
Un homme quitte un bâtiment bleu à quatre portes alors qu'un autre,1,Un homme quitte son édifice de travail à mesure que son
Une petite fille portant une chemise verte saute d'une coll,1,Une petite fille portant une chemise verte saute sur une corde de
Deux femmes en vêtement Renaissance jouent sur scène.,0,Deux femmes sont devant un auditoire
L'homme en chemise noire avec guitare noire chante dans,2,L'homme en chemise bleue avec guitare noire chante dans
Un homme joue un instrument de bande à l'extérieur d'un,1,l'homme joue les tambours à l'extérieur d'un
Un groupe d'étudiants qui attendent en ligne pour un événement.,0,Il y a un événement à venir.
une petite fille en odeur d'une fleur,1,Elle a l'odeur de fleurs après qu'il joue à l
Un guy en vert.,0,un homme s’est encouragé à mettre un vêtement
Une personne enveloppée dans une couverture de couleur neutre assise sur,0,Une personne a une couverture autour de elle en assise sur un
Il y a plusieurs personnes qui s'assistent sur des bancs ou,2,ils sont sur Mars
Huit personnes apprécient le plaisir des radeaux et la beauté d,2,Les détenus s'écurisent dans une fourgonnette.
Trois filles et un garçon jouent dans la rue.,0,Certains enfants jouent.
"Deux femmes, portant des chemises blanches, des écussons",1,"Une paire de femmes, habillées de couleurs, s'enorgueill"
Un homme plus âgé ayant des lunettes et une barbe blanche marche,1,Un aîné se promène seul sur un trottoir.
Petit garçon en arrière sur son estomac sur l'herbe.,2,Un garçon saute par l'herbe.
Femme cycliste à cheval sur un terrain de terre.,2,Les femmes se préparent à rouler un ballon d'air chaud.
Un homme à travail dur de loin,0,L'homme était dans l'arbre.
Deux hommes portant des bandes rayées assises à une table.,1,deux amis du collège assis à une table
Femme enregistrée.,2,La femme n'est pas enregistrée.
Les élèves en arts martiaux se trouvent à l'aise,1,Un concours d'arts martiaux se déroule dans un gymnase scolaire
Une foule de gens quelque part dans une ville où il est sombre,0,Un homme en chemise noire tient un enfant dans la ville
Deux équipes se disputent agressivement l'une contre l'autre,0,Deux équipes participent à un sport passionnant.
Une jeune élève de l'école brunette portant des pantalons gris e,0,La brunette porte des pantalons.
Une femme ayant des cheveux de longueur d'épaule s',2,Une femme s'étend sur le trottoir.
De nombreuses personnes marchent sur la plage.,2,Un homme à un arrêt de bus.
Un homme en moto de terre montant sur une colline boue.,1,Un homme emprunte un vélo de terre sur une colline au Mexique.
Plusieurs Asiatiques sont en train.,1,Les Asiatiques en train de vacances
"Un homme skie sur la colline, vaporisant la neige dans l'",2,"Une femme skie sur la colline, pulvériser la neige dans l"
La neige est enlevée par le conseil.,2,Un plancher s'étend dans la neige.
Un homme équitable à un rodéo.,1,Un homme emprunte son cheval préféré.
L'homme en noir prend un nappe sur un banc devant un panneau li,0,L'homme est sur un banc.
Deux personnes travaillent à un stand alimentaire.,0,Le stand de restauration est dirigé par deux personnes.
Un homme à courtes courtes bleues et à,1,Un guy à courtes et à courtes sommet
Les hommes et les femmes toutes tenues dans des vêtements blancs appar,2,Les hommes et les femmes naissent tous dans l'océan.
Un jeune homme en tête et en sac à do,0,d’un jeune homme en pourpre
Un petit garçon joue sur un terrain.,2,Un garçon naissant sous-marin.
Les gens se rassemblent autour et il y a quelques photographies,0,Les gens se trouvent dans une pièce avec des photos sur le mur.
Un homme sur un banc vert parle sur son cellulaire.,1,Un homme parle à sa femme au téléphone.
"Deux filles jouent de balles molles, une glisse dans",1,Ils sont des adolescents.
Une jeune fille en moto sur une piste à côté de l'arbre,2,Une jeune fille assise sur le petit vélo
Une femme s'enfonce à mettre une poterie sur sa,2,Une femme tisse un panier.
Trois travailleurs de la construction fouillent un trou.,0,Ils fouillent.
Trois hommes portant des uniformes blancs peuvent peindre un étag,2,Trois hommes s'alimentent au feu.
Une femme âgée en arrière de la poule d'église.,0,La femme âgée est en église.
Un homme âgé en chemise blanche regardant une page Web sur son ordinateur,2,Une femme en sangle joue des jeux en ligne.
"La fille porte une chemise blanche et une jupe rose,",0,Cette fille porte des vêtements.
Petit chien noir et brun en arrière sur l'herbe.,0,Un chien s'étend sur l'herbe.
Guy prend une pause en transportant des sacs en marche et,1,Un homme prend sa pause à la déjeuner.
Un homme fait un tas de vélo sur une piste de terre.,2,Un homme fait un tas de skateboard sur une piste de terre.
Guy sur la machine à coudre est en attente.,0,Un homme a une machine à coudre.
Un jeune portant un chandail bleu et rouge et un,2,Un jeune en chemise rouge et bleue et un cap jaune
Un beau St Bernard brun et blanc enneigé,1,Un st Bernard brun et blanc se roule dans la neige pour sau
Un homme en t-shirt noir se tient à côté d',1,"Un homme en chemise noire, en colère sur son billet de"
Un mari et sa mariée sur une belle colline.,1,Une bride et un mari jouissent d'un moment à eux
Un chien noir s'échappe de l'eau avec un bât,1,Le chien est excité
Cette petite fille qui porte des pajamas SpongeBob pendant qu,2,Une petite fille naissant dans une piscine.
l’homme achète de la viande à l’épicerie,1,l'homme triste achète de la viande à l'épicerie
Personne assise dans une chaise et s'enfonce dans,2,Un homme saute à corde dans le parc avec des enfants.
Guy a fait une flexion de tête en portant un casque.,0,Le châtir a une somme à l'a
Ce monsieur exécute son spectacle « un homme ».,2,La jeune femme chante l'hymne national.
Un Indien s'enfonce à craquer le dos de,0,Un homme brise la tête.
Un homme parle à plusieurs autres derrière une table dans une cuisine de restaurant.,2,L'homme parle au téléphone.
une fille grimpe sur une glissière rouge.,2,Elle a enlevé les talons
Un homme en longs shorts plaidés et un chapeau de P,1,Un homme en uniforme scolaire se promène avec sa mère dans une longue
Un jeune garçon dans un désert assis sur un crotale en,1,Le jeune garçon attend d'être emmené du désert.
Femmes montées à l'extérieur.,1,Une vieille femme grimpe l'escalier à l'extérieur de la chapelle
Un jeu de chardage pour fléchir les ballons pour,1,d'un jeu de chars à des ballons à l
Une femme en costume de bain à cordes avec un homme sur une prom,1,L'homme et la femme sont mariés.
Les filles en genou et en rouleaux se,0,Deux filles se préparent à rouler.
Un homme portant une chemise bleue et un chapeau rouge,2,Le cheval est noir.
Un homme en courtes et une veste noire se t,0,Un homme se tient au sommet d'une roche.
Une femme âgée donne une gloire à sa fille.,2,Une femme est passée par une connaissance.
Une mariée et un mari empruntent quelques voies de chariot.,1,Une mariée et un mari se promènent à la cérémonie.
Un groupe de personnes qui mangent sur une table de pique-nique dans un parc,2,Un groupe savoure le vin dans la salle d'éclair.
Le chien traverse le champ de fleurs,1,Le chien traverse un champ de fleurs et bat sur une brousse de rose
Une mariée et un mari se promènent sur un escalier en,0,Les nouveaux-nés montent ensemble un vol d'escaliers.
Un homme en costume rouge et jaune évolue à travers le,0,L'homme moto à l'extérieur
Une femme s'enfonce parmi les graffitis écrits à l,0,Une femme s'enfonce.
Un photographe se prépare à prendre une photo de la fille.,1,Le photographe est le meilleur au monde
Une femme chante dans un microphone pendant son voyage.,2,Une fille lise un livre pendant ses voyages.
Un site de construction contenant du matériel de construction.,2,Un site de construction est complètement vide.
Une femme s'appuie sur une jeune fille en swing,2,Deux adultes en swings
Un homme en châssis verte escalade un mur,0,Mur d'escalade de l'homme
Un joueur de baseball en bleu et gris se trouve sur le mouchet,2,Le joueur de baseball dirige une armée d'hommes en chevau
Une personne ayant un chapeau multicolore se trouve juste derrière une mos,1,un artiste appuie son art
Un grand groupe de personnes asiatiques s'envolent dans une sorte de flo,0,Personnes à l'extérieur de la ville.
Plusieurs chiens courent sur la plage.,0,Les chiens s'envolent sur le sable.
enfant dans la route n'a pas de vêtements,2,Un chef travaille dans une cuisine.
Deux femmes africaines jouent devant un petit public.,2,Deux femmes sont parmi les auditoires.
Un homme sans chemise portant des pantalons bleus peint le fond,2,Un homme plonge dans un étang clair et cristallin.
Une femme blonde à la plage saute autour en jou,2,La femme blonde dorme.
un groupe de joggers qui s'envolent sur le trott,0,Les gens s'envolent à l'extérieur.
Un Japonais en chapeau bleu s'assiste avec son banjo.,1,Un homme exécute un récital.
"De nombreuses personnes font des achats, équitent des vélos et",1,Certains d'entre eux parlent sur des téléphones cellulaires.
d’une femme en somme blanche sautant sur un pont,0,Femme portant saut blanc.
Un chien blanc tente de jouer avec un chien brun.,2,Un chien dorme
Deux garçons s'envolent dans un baril en métal.,0,Deux garçons courent.
Une fille portant un chandail rose et un vêtement,1,La fille marche sur une voie vers l'école.
Une femme en jaune marche alors qu'une voiture jaune vif se passe près,0,Une femme marche à l'extérieur.
Ce travailleur nourrit les membres d'arbres dans une broyeure.,2,Le travailleur a dû déposer.
Deux femmes affichent une affiche promotionnelle d'un film.,0,Deux femmes ayant une affiche de cinéma.
Le groupe joue de la musique dans cette ville.,1,Le groupe joue de la musique de pays
Quatre filles sautent sur le sable près de l'océan,1,Un groupe de filles vacances près de l'océan.
"Un enfant souriant portant un coiffure de bain, un cap de",0,Un enfant porte des vêtements de nage
Une femme chrétienne a à fer des vêtements et,1,Une canine travaille comme marin.
Assurer qu'un compte rendu exact de tout ce que je vois ici,1,Assurer la conservation d'un compte rendu exact en cas de problèmes juridique
"Trois hommes qui jouent au soccer, leurs uniformes indiquent que",0,Les joueurs d'équipes rivales se trouvent en compétition f
"Jeunesse garçon portant un chalutier brun, long et un chap",2,Le garçon marche sur la marche latérale.
Une femme et un enfant s'envolent à travers un,0,Deux personnes s'envolent à travers un arbre.
Un garçon à cheveux blonds dans une chemise rouge et des,1,Un garçon à cheveux blonds en chemise rouge et
Une fille en chemise grise s'enfonce à,1,Sa mère se trouve à la porte avant et ramasse de la poussière
Une femme en tête rayée d'étranglement parle,0,Une personne communique avec quelqu'un d'autre.
Deux femmes s'asseoir sur la plage dans des trous semblent fouiller quelque,0,Deux femmes sont à l'extérieur.
Ski homme et enfant.,1,L'homme est le père de l'enfant.
Une foule de gens se rassemblent autour de la gare Oxford Circus à Londres,1,Les gens de Londres se rendent à la maison en heure de ru
"L'homme et le garçon assivent sur le sol, à côté",2,l’homme se tient à la falaise
Une femme porte une robe de mariage.,2,Une femme essaie une robe sur
Quatre jeunes garçons parlent à un homme.,2,Quatre garçons mangent le déjeuner à l'intérieur.
Un homme joue avec un jeune garçon à l'intérieur d'un jardin,0,L'homme et l'enfant sont à l'extérieur.
Trois femmes joignent sur une voie.,1,Trois femmes s'envolent.
Le chien blanc saute pour un objet jeté par son maître.,1,Le chien chasse une balle.
un groupe de personnes qui marchent par deux VUS,0,Les gens sont proches de la voiture
"L'homme en journée de travail occupée, en cours de réalisation",0,Quelqu'un est occupé.
Quatre femmes tenues en métro blanc et affi,2,Quatre femmes portant des chemises à ventre blanc et
Un homme joue avec son gâteau d'anniversaire.,2,d’un homme dormit toute la journée à son anniversaire
Deux hommes sur un terrain sportif vert plongent vers un Frisbee.,1,Les hommes sont en équipe opposée.
Une troupe de danse de douze personnes a mis en lumière et port,2,Ils dansent à la lumière de la lune.
Un jeune garçon s'est en boue à l'aide,0,Un garçon se tient à l'aide d'un stand de fruits.
Quatre hommes dans une voiture et un en siège médian se tournen,0,Quatre hommes sont dans une voiture.
Un groupe de coureurs en face d'une voiture rouge en Europe.,0,Un groupe de personnes qui se trouvent devant une voiture.
Une femme entretient un clown sur scène.,1,Le clown a un nez rouge.
Une fille à chaussures roses s'asseoira sur un lit avec,1,Une fille assise sur un lit avec son singe enfoui
Les enfants noirs assis à une table avec 6 ordinateurs portables,0,Certains enfants assident autour d'une table avec des ordinateurs
Un homme qui effectue des travaux de toit sur un toit très abrupt.,0,Un homme travaille.
"Pendant une soirée, une femme s'en tient à quelqu'un t",2,La femme assise à la maison mangeant de la mélodie
Un homme à cheveux foncés chante dans un microphone.,0,Un homme a des cheveux foncés.
Un jeune homme en chemise blanche est assis sur un banc jou,2,Une fille s'alimente à une lollipope.
Deux hommes en laboratoire pèsent à travers des microscopes pour observer des,2,Les femmes s'enfuisaient dans les microscoes.
Un homme qui lise un livre sur le trottoir avec ses pa,1,Un vieux homme s'asseit à l'extérieur pendant qu'
Un homme bouillant sur un outil à pied devant le stand de chap,1,Un homme qui se tient sur un outil de pied devant un stand de chapeau
Un homme jouant un instrument éolien en robe indigène,2,Un homme ne détient aucun instrument.
Un homme emprunte sa bicyclette sur une escalier.,0,l'homme fait des trucs à vélo
"Deux enfants, un porte-brise et un projecteur, sont souri",0,THe children are smiling.
Un camion monstre s'envole dans l'air devant une ar,1,Le camion est en aéronef pendant près de 5 secondes
Un grand chien blanc qui pousse à un grand chien noir.,0,Deux chiens interagissent entre eux.
Quatre hommes sont sur le terrain.,1,Les aiguilles sont des amis
Un noir s'assiste à une machine à coudre sur le,1,L'homme célet une courte-courrière.
Les gens se trouvent devant un panneau qui dit « The Deep End ».,2,Un groupe de personnes se trouvent en ligne devant la toilette pour femmes.
Une femme d'origine indienne qui s'est établi,2,la femme dormante
deux personnes se dirigent sur un rail à l'extérieur de l'entrée,1,Le couple attend en ligne dans un club de nuit.
"Trois personnes, portant des vêtements foncés, se rassemblent pour une",2,Trois collègues se trouvent ensemble dans un cinéma.
Un homme en chemise noire et en jeans semble travailler sur,1,L'entrepreneur inspecte le système de refroidissement de l'eau.
Les jeunes s'entretiennent à l'extérieur d'une rue,0,il y a beaucoup de gens autour
Deux jeunes femmes s'envolent dans leurs cahiers de poche pour,2,Les femmes naissent dans un lac.
Groupe de personnes kayaking ensoleillé.,1,Un groupe de gens qui s'aventurent en kayak ensoleillé
Une femme en vert et en bleu aplaudit un cour,1,Les coureurs rouges ont un nombre de 58 sur eux.
Trois chiens se courent à la traîne autour d',0,Certains chiens courent.
Deux travailleurs travaillent sur un toit à ciel bleu vif en fond.,0,Deux travailleurs se trouvent sur un toit.
Une femme asiatique portant un chapeau de bambou travaillant dans un fil,1,Une femme asiatique dans un kimono et un chapeau de ba
Un homme en veste jaune vif et un casque assi,0,"Deux hommes, l'un en jaune et l'autre en"
Un homme en combinaison humide jete un tout-petit dans l'air,2,Un homme en combinaison humide a plongé un jeune garçon à
Deux femmes marchent sur un trottoir.,0,Les femmes sont à l'extérieur.
Un chien noir joue à l'intérieur de la clôture.,1,Un chien noir joue.
Une femme est sur le point de descendre sur l'escalade.,2,Un homme est sur le point d'ascenser sur l
l’homme en jupe noire marche avec un sac à main sur,1,La femme va au dîner.
Deux femmes sont en kicking.,0,Deux femmes y participent.
La grand-père démontre comment le gros forage jaune fonctionne de sorte que le garçon,0,Une manifestation humaine
Trois hommes dans une crevée dans une rue.,2,Les trois hommes sont à l'intérieur d'un jeu de cartes.
Deux chiens en marche sur le chemin de la terre.,1,L'un des chiens est jaune en couleur.
"Un homme, une femme et deux jeunes garçons assient sur un banc",2,Deux hommes et deux femmes siègent sur un banc en nu
Cinq hommes de la plage s’envolent dans l’eau.,2,Les hommes dînent dans un restaurant de qualité.
Cinq femmes se sont rassemblées pour jouer des instruments de boue et de,0,Les femmes jouaient des instruments dans la salle de séjour.
Un bébé regarde dans un tiroir à jouets et à la,1,Un bébé qui cherche sa ville perdue dans un tiroir à joue
Un homme sans chemise en vêtement de bain travaille sur un château de,0,Un homme en combinaison de bain travaille sur un château de sable.
Un homme qui pratique le karate se déplace dans l'air.,2,L'homme ne connaît aucun karate.
Un chien noir capturé à mi-jump et pêchant,0,Un chien saute.
Deux travailleurs mettent en place un panneau d'affichage.,0,Deux travailleurs mettent en place un panneau d'affichage
Deux enfants assient ensemble sur la salle de conférence.,2,Deux enfants sont dormants.
Un groupe d'employés qui discutent d'une question lors d',1,Un groupe d'employés parle d'une fusion potentielle.
"Un jeune homme se trouve sous un grand arbre dans un parc, gardant ce",0,Un jeune homme se trouve sous un arbre de parc avec une bière
Un homme en jaune ayant un café marche sur le trottoir.,0,Un homme en jaune marche avec une tasse de café à la main.
"Une femme asiatique et un mâle noir, qui se rendent à",1,Il y a un couple biracial qui marche ensemble.
Un homme dans une chemise grise joue la guitare électrique tandis,1,Un homme dans une chemise grise joue joyeusement la guitare électrique
Un homme portant une chemise bleue croît sur une falaise,2,Une femme en fer
Un jeune garçon criant en portant une chemise qui dit « Je,2,Un bébé est vraiment en bonne humeur.
Le grand chien brun se roule à l'extérieur dans la terre.,1,Un chien grand à lance une balle.
Les enfants et le personnel s'assujettis au plan,0,Les gens sont dans une pièce
Une foule de personnes sur scène avec des microphones.,1,Des humains énormes sur scène.
Il y a des gens à un équitable en bordure,1,Deux enfants attendent sur un banc après avoir été dits qu'ils étaient trop
Un homme dans un peintre orange à l'extérieur.,1,L'homme s'est récemment réveillé.
Une femme lise le journal du métro sur un train de métro,1,Une femme lise le journal Metro en son chemin de travail.
Les gens s'assistent à l'extérieur sur l'her,0,Les gens se trouvent près d'un immeuble.
Une femme âgée utilise une roue de spin pour créer du tissu.,1,Une vieille femme fabrique du tissu pour un nouveau vêtement
L'homme prend une photographie d'un groupe d'adolescent,0,Un groupe d'adolescents pose pour une photo.
Une personne conduit dans une voiture rouge.,2,Une personne évolue dans une voiture blanche.
Une foule s'étend sur une piste à grande échelle pour une course.,2,d’une foule de gens s’asseoir autour
Un chien brun traverse l'eau peu profonde.,2,Un chien repose sur la couche dans le salon.
Une femme tient un garçon dans une piscine.,2,Un garçon traverse une piscine gelée avec une femme.
Plusieurs enfants s'engagent tous dans l'accise,1,Quelques enfants se développent pour un événement sportif.
Deux hommes portant des chemises noires jouant des guitares,1,Deux hommes jouent des guitares et pensent qu'ils sont
Une femme porte un enfant dans son bras et tient la main d,0,"pied à pied à pied à l'édifice,"
Un homme à peinture de visage qui ressemble à une zombie.,0,Un homme porte un maquillage pour ressembler à une zombie.
Un homme saute avec sa vélo près d'un mur de br,0,Il y a un homme qui saute avec son vélo.
"Une petite enfant, manquant ses dents avant, portant un chalutier",2,Une petite enfant ne fabriquant pas de produits artisanaux
"Une vieille femme d'un magasin de meubles, un petit chien regarde à",2,Le crabe mange une pizza
Une jeune femme dans un ski de denim réveillant devant un garage.,0,La femme porte une jupe.
"Une très belle capture d'un jeu de soccer entre deux hommes, l'homme",1,Les épreuves de soccer olympique en Belgique.
Un patineur faisant un truc sur une traîne.,2,Le skateboarder dorme sur la couche.
Un homme en costume rouge saute son vélo de motocross en descent,0,l’homme saute sa motocrosse sur une colline
Une femme dans un lot vacant en amont en amont.,1,Une femme a l'insigne sur une statue.
Les gens en foule derrière une porte en métal jaune.,0,Les gens sont enfermés dans une foule
"Vendeurs d'un marché extérieur asiatique, vendant des champignon",0,Il y a des vendeurs à l'extérieur qui vendent des champ
Il y a un homme qui regarde latéralement vers une rue h,2,Il y a un homme dont la tête est enfoncée
Voici un bébé criant qui est tenu par sa grand-mère.,1,Le bébé souffre de faim
Quatre travailleurs de la construction masculins en vestes oranges travaillent.,1,Les travailleurs portent des jeans.
Une fille saute au-dessus de trois autres à l'arrière,2,deux garçons jouent des cartes
Un homme en chemise noire gardant des morceaux de viande dans,0,Un homme montre la viande qu'il va cuire.
Un homme se tient sur une échelle peint des briques,0,Un homme tient une brouillarde pendant l'échelon.
Les gens marchent le long d'un sentier le long d'un lac,1,Les gens peuvent nager dans le lac.
Un groupe de musiciens s'aperçoit dans la rue pour des dons,1,Un groupe de joueurs d'harmonies s'avèrent en scène dans
Femme en chemise rouge et jupe de tennis blanche retournant,0,Les gens apprécient le tennis.
d’un homme en chemise grise et d’,1,Un homme tient un hammer à l'emplacement.
"Un groupe de personnes, certains occupant des parapluies, s'en",1,Une foule est enfoncée à l'extérieur dans la pluie
Un joueur de tennis portant une chemise blanche et des pantalons noirs,2,Un joueur de soccer se prépare pour le jeu
Deux pompiers s'en tiennent sur une rue devant un immeuble urbain.,0,Deux pompiers sont à l'extérieur.
Un groupe de jeunes enfants portant des sacs à dos se rassemble e,2,l’aveugle
Un jeune couple aime la bière et la conversation à une table,1,Un couple est en date.
Un jeune homme s'apprête à skater sur un mur de,2,l’adolescent a été blessé
Deux hommes assient dans la salle blanche et jouent en guitare,0,Les hommes jouent ensemble des guitares.
Un homme laver les fenêtres est suspendu à l'extérieur d,2,Un plombier fixe le puits.
Un homme en chemise bleue portant un oiseau dans une,2,Une femme en chemise bleue portant un oiseau dans une cage
Un mannequin mâle en robe à l'intention,2,Le mannequin est habillement policier.
Un jeune homme à couvercle et à couvercle,1,l’homme porte un manteau noir et une calotte noire.
Une famille visite une chèvre au zoo à petting.,1,La famille visite le zoo intérieur de petting.
La femme et les enfants se trouvent à côté d'une statue,2,Une femme et ses enfants s'envolent à partir d'
Un rapprochement du visage d'un chien blanc pendant qu'il tient,2,Un chien brun mâchera des aliments.
Trois filles prient.,0,Les trois jeunes filles prient.
Un groupe de gens mangent des noyaux.,1,Plusieurs étudiants ont des nouilles dans une cafétéria collégiale.
Un jeune garçon reçoit sa décote par un homme portant une,1,Le châssis noir est le jeune barbeur de garçons.
Un homme en manteau noir et en chemise bleue,1,L'homme tient son IPhone.
Un homme en chapeau vert marche par un mur de béton.,0,Un homme à chapeau marche par un mur.
Deux femmes s’envolent sur des escaliers et s’,2,Il n'y avait pas de rails sur les escaliers.
Un homme en shorts dejean et une chemise blanche regarde,1,Un homme qui cherche une nouvelle ceinture
Un homme en camouflage et en courtes v,0,L'homme est à l'extérieur.
Enfants en uniforme jouant au soccer,2,Les enfants jouent au soccer à la Coupe du monde.
Un homme escalade une roche avec une corde en bas,0,Un homme monte une corde à l'aide de boucles
Une personne qui regarde la réflexion de la lune.,1,Une personne graisse regardant la réflexion de la lune.
Un pompier pulvérise l'eau sur un gigantesque pi,0,Un pompier émet un feu encore incendié.
Une demi-douzaine de travailleurs de la construction se trouvent à,2,Les travailleurs de la construction ne nagent pas à la plage
Deux hommes jouent sur scène des guitares.,2,Les deux hommes s'effondraient sur scène leurs guitares.
Le soleil se rassure alors qu'un homme et une femme,1,"l’heure actuelle, les gens parlent en regardant le coucher"
"Une femme à cheveux rouges portant bleu, en gardant des pompo",1,La femme est caucasienne.
Deux femmes jouant du hockey sur glace en uniformes et en,0,Les femmes sont sur la glace.
"Un ordinateur portable Mac, ouvert, au-dessus d'un chaise bleue dans",2,Un groupe de ordinateurs portables se trouve dans un cercle autour d’
Un mouton au plancher d'un bâtiment industriel.,1,Un mouton est utilisé dans une campagne publicitaire.
Un chien roule sur un matelas placé sur un porche et é,0,Il y a un chien sur le porche.
"Un homme en courtes bleues, tatoué sur son",0,Un homme jogt dans la rue.
Un couple danse dans un concours portant des vêtements roses.,0,Un couple porte rose
Un Noir en donnant une femme de l'argent pour un papier.,2,Un Noir offre à la femme une boisson.
Un homme en veste orange se tient derrière un seau rouge.,2,Un homme assis sur un banc.
Le chien porte une capte rouge de baseball et sa bouche est,0,Le chien porte un cap de baseball et sa bouche est largement ouverte
Un pompier américain marche à côté de son camion.,0,Un camion-feux est stationné dans la rue.
Une fille en somme rouge a été enfouie,1,l’enfant en chemise colorée suit en jouant les
Un homme qui s'est en boue dans les montagnes e,0,l’homme est à l’extérieur
Un garçon ayant une coupe et des lunettes d'équipage donne,2,Juste eau.
Cinq personnes prenant part à une discussion sur une scène.,2,Les gens sont à la plage.
Une personne âgée porte une calotte d'indication et une veste,1,Un grand-parent s'asseoira à l'extérieur pour attendre
"Un jeune enfant se trouve dans la rue d'un quartier érodé, alors",0,L'enfant se tient dans la rue
Une femme qui utilise une housse près de ses cultures sur une ferme.,2,une femme cuisine quelque chose à l'intérieur de la maison
Enfant en plongée dans l'herbe et port,1,Les lunettes bleues de nage de l'enfant sont légèrement en
Deux personnes et un chien sont en neige.,0,Deux personnes ont un chien.
Deux femmes d'un bureau discutent d'une chose devant un iMac,1,Deux collègues discutent d'un projet de travail.
Une grande femme africaine porte une chemise verte assise sur un banc,0,d'une femme en banc
Deux enfants ayant des ballons et une femme se trouvent sur un,1,Une mère et ses deux enfants avec des ballons vient tout juste de
Deux enfants se trouvent sur une colline de sable.,1,Deux enfants se fléchissent avec soin dans une duine de
une jeune fille qui pratique la gymnastique sur la rive d'une plage,2,Deux filles s'assistant sur un panneau indiquant que la plage est
L'homme en costume clown et chapeau en marche à vélo,2,Le clown est un étranger.
Homme en combinaison de neige orange et lunettes de ski sur une colline,1,L'homme a chuté en s'envolant sur la coll
Manteau noir en veste de cuir noir,1,L'homme a une motocycle.
Trois danseurs portant des cendres rouges s'exécutent sur,1,Trois danseurs masculins jouent sur scène.
Une jeune fille noire sort de la salle de bains enveloppée,1,Une jeune fille noire sort de la salle de bain après une douche chaude
Un homme en casque de vélo aide un enfant en casque de,1,Un homme aide l'enfant de son voisin avec son casque de
Quatre personnes d'âge moyen préparent un repas dans une cuisine.,0,Quatre personnes prennent un repas dans la cuisine
Une main tient des éclaircisseurs.,1,Les éclaircisseurs sont noirs.
Deux joueurs de hockey tentent d'obtenir le contrôle de la puck à mesure que,2,Les joueurs jouent le baseball.
Il appelle sa femme pour dire qu'il arrivera tard.,2,Un homme kisse sa femme.
Un petit garçon lise en regardant son chien.,0,Un garçon lise.
Une grande vague s'écrase sur une plage où une femme passe.,0,Une femme marche le long de la plage tandis qu'une grande vague s
Un groupe d’employés de l’événement se déplace à deux,1,Le personnel de l'événement se prépare à un grand concert.
L'avion s'enfonce à la fumée et,0,Un avion à réparation.
"Femme d'âge moyen, assise sur la plage, tenue d",2,La femme fait une marche.
une femme regarde un microscope assis à un bureau.,1,Une blonde regarde les échantillons de sang.
Une fille en rose est tirée par un homme en escalier,2,L'homme et la fille en rose se trouvent près du lac
Une petite fille s'assimile au dessus d'une grosse ch,2,Une fille saute sur un arc-en-ciel.
Un joueur de baseball pique ou tente de prendre le baseball pendant un jeu de baseball,1,Le premier homme de base a l'habitude de prendre la balle.
Une femme de 90 ans ébranle les chandelles de 9',1,Une femme âgée souffle les bougies sur son gâteau d'anniversaire à trois
Un homme vêtu de noir et une femme en rouge dansant,1,Un couple marié danse ensemble.
Un homme regarde un arbustif.,1,L'homme est fier de l'arbuste qu'il a plant
Un homme conduit un véhicule portant une veste orange vif.,0,Un homme mène.
Un jeune joueur de billard neuf balles a l'intention de,2,Une femme plus âgée joue le houblon.
Deux personnes dans un grand canot entouré d'eau.,0,Il y a des gens qui flottent dans un bateau.
Un participant au soccer tente de frapper un ballon tandis qu'un,1,Un joueur de soccer est sur le point de lancer le ballon.
Une femme asiatique chante dans un établissement.,2,Un homme parle.
Un homme naissant à côté d'une fille sur une plan,1,ils se trouvent dans l'océan
Un homme et une femme sont vus se boucher près d',1,Un homme et une femme sont en train de se mettre en relation
Un homme portant des lunettes de soleil se tient à côté d',1,Une personne portant un masque respiratoire ne veut pas respirer le même air
Le groupe de jeunes se trouvent dans un bain de bulles en s,2,Un adulte se baigne seul.
Deux hommes d'arrière s'assurent d'un cas,2,Deux hommes se trouvent dans une section sans fumer à l'aéroport.
Une femme portant des lunettes de soleil et une chemise noire,2,Une personne en chaise de plage en une journée nuageuse.
Un jeune homme en shorts et en chemise verte tombe,1,L'homme apprend à rouler un vélo.
"Un chien en marche dans le sable, l'herbe en fond",0,Un chien s'enfonce dans le sable alors qu'il y
Les chiens bruns jouent ensemble avec un jouet bleu.,0,Les chiens jouent.
Le rouleau traverse une tournure qui a entraîné,2,Certains gens marchent par le parc.
Deux enfants assient à une table et mangent des aliments.,1,Deux enfants mangent de la pizza à la table.
Les spectateurs regardent un homme boucler la main dans un jet d,1,Les gens regardent un homme.
Une voiture de rallye dérive autour d'un tour et,0,La voiture de rallye se poursuit.
Un groupe de femmes se trouvent autour d'une table et travail,1,Deux hommes et un chien marchent heureusement
Un grand groupe de personnes ont formé une ligne à l'extérieur.,0,Un groupe de personnes se trouvent à l'extérieur.
Deux hommes en sourds oranges marchent en arrière.,1,La rue est le centre-ville
Un homme en argent tient sur un long pôle qui est en,2,Un homme en argent ne se tient pas sur un long p
Un homme se trouve derrière un plateau de petits jouets.,2,Un homme se tient près de grands jouets
Une brunette interviewant un artiste de rue.,0,Un artiste de rue parle à quelqu'un.
Les hommes en arrière s’apprêtent à s’,1,Les hommes tirent des dés sur le coin.
Un homme regarde une statue.,0,Un homme observe une statue.
Une équipe de soccer féminin se mouche ensemble.,0,les filles sont à son jeu de soccer
Petit garçon en fléchette dans une pièce lite et d,1,Le garçon est curieux.
Un groupe d'hommes joue le hockey.,2,Un lion se repose dans la jungle.
Une femme souffle les graines d'un dandelion.,0,La femme a des poumons.
Quatre personnes attendent leur train.,0,Les gens se trouvent près des voies.
Cette cuisine est nouvellement meublée.,1,Il y avait tout juste un remodelage.
Un homme asiatique navigue sur un bateau transportant 2 passagers,2,Les trois hommes blancs se sont rendus à la pique-nique
Un homme en chemise orange et un chapeau blanc floppy,1,Un travailleur d'entrepôt se trouve près d'un manne
Les jeunes femmes se rassemblaient autour d'un feu la nuit.,2,Les femmes éclairent un feu en temps de jour.
"Un homme roule en bas de la rue, deux voitures passant dans la",0,Il y a des voitures dans une rue.
un patineur portant une chemise verte et sautant dans,1,L'homme fait un fléchissement
un garçon portant une chemise rouge en roue et un autre,2,Le garçon est seul à regarder la télévision
Un homme à patin à pieds,0,Un homme sur un patinoire.
L'homme qui se tient sur le faisceau porte un chapeau blanc dur.,2,L'homme portant un chapeau dur assis sur le poutre.
Une femme joue avec des marionnettes à doigt en s'enfonce,2,L'homme s'envole.
Trois enfants regardent les amphibiens dans un aquarium en prenant des photos,0,Les enfants mangent des papilles
Une petite fille blonde se tient devant une fontaine d'eau,0,La fille a des cheveux.
Une femme âgée en chemise blanche se tient sur un balcon d',0,La femme est un aîné
Un plongeur écoute l'information sur la sécurité de la p,0,Une personne entend quelque chose.
Un groupe de personnes assises à une table travaillant sur la documentation.,0,Le groupe s'est assis à la table et a travaillé
Un homme a l'habitude de se mettre en vogue sur,2,L'homme naît dans le ruisseau
Un joueur de basket-ball se prépare à tirer un bouchon,1,Un joueur de basket-ball joue en mars Madness.
Les hommes portent des vêtements blancs pour se protéger.,0,Les personnes tenues sont des vêtements protecteurs.
"Un homme, portant un t-shirt blanc et des jeans,",0,Un homme joue de la musique.
Des modèles d'événements se trouvent dans la pluie et tiennent,2,Les modèles d'événement sont à l'intérieur.
Un homme en casque orange sur le bâtiment.,0,Un homme se trouve sur un bâtiment.
Un skateboarder saute de la plate-forme montée d'un,2,Boy en rouleau
Un homme marche sur le trottoir par un panneau.,1,Un homme se rapproche d'un panneau qu'il vient de peindre
Une femme en veste rouge aide un enfant à se servir d',2,The hotel is very close to the city centre.
Un homme qui s'enfonce pour aider une voiture à éviter,1,Un homme tente de sauver un bébé.
Les foules s'étonnent autour d'un,0,De nombreuses personnes se trouvent dans un centre commercial.
Trois travailleurs de la construction en chapeau dur à l'extérieur.,2,Un ingénieur établit quelques plans.
Cinq jeunes hommes à cheveux foncés et à l,2,Les enfants jouent un salon amusant à l'école
"Trois personnes sur l'herbe, une à feuilles d'abat",2,Trois personnes nettoyent une cuisine.
Une femme en enveloppe rouge est assise sur un pont.,1,La femme lise un livre.
Une femme assise sur une plage et tient une boîte,2,Un homme boire une bière à la plage.
Un jeune enfant asiatique qui s'est établi e,1,Un enfant asiatique représentant sa culture pour l'école.
Une femme brunette prend une photo d'un bande sur scène avec son appareil,0,Une femme est à un concert.
Trois personnes reposent sur une montagne neigeuse.,2,Quatre personnes se trouvent sur une montagne neigée.
"Une fille en châssis vert vif, accompagnée",2,Les gens se trouvent dans un magasin surpeuplé.
"L'homme grille des chiens chauds, des bâtons, des poivr",2,L'homme a été empoisonné par les chiens chauds.
Femmes à cheveux gris et à chemise blanche en regardant,2,Les hommes jouent le football
Une foule de gens asiatiques s'assurent d'une,2,10 Africains jouent avec un zébré
Un chien de taille moyenne qui traverse des puddles,0,Un chien en marche.
d’un grand-mère et deux petits-mères en,2,Les deux grandmas prennent une photo avec leur petit-fils.
Un boxer s'enfonce dans son côté concurrent dans le ring de box,1,Une foule de gens regardent le plus important match de boxing au monde.
Un groupe d'hommes qui tentent de prendre quelque chose dans l'air,1,Un groupe d'hommes qui tentent de capturer un papillon
Un anesthésiologiste s'est détendu au travail.,0,Un anesthésiologiste se fatigue au travail.
Une femme se tient derrière un comptoir clair derrière un grand étal,1,Un homme de haut niveau derrière un comptoir
Une jeune fille blonde ayant une chemise rose sur la che,1,Une fille teigne son frère en s'en en
une femme en robe de tennis bleue se préparant à frapper un ball,1,Serena Williams se prépare à s'enfoncer au ballon
Quatre garçons entourent une personne assise dans une chaise et,0,Les garçons s'épaulent sur la personne en peinture rose.
Un groupe de personnes se préparant à rouler,0,Les gens vont rouler.
Trois personnes jouent dans la neige près de l'arrière d',2,Trois personnes se baignent sur la plage.
Deux personnes se trouvent sur les escaliers d'un grand ensemble d,0,Deux personnes se trouvent sur les escaliers.
Un homme en chemise et en veste américaine saut,1,Un homme montre la fierté de son pays
Un groupe de cyclistes s'apprête à pénétre,2,Un groupe de cyclistes qui s'éloignent de la police.
Un homme saute dans l'eau ensoleillée.,2,Un homme marche près de l'eau.
Une fille blonde portant une robe blanche se bat avec une autre fill,0,2 filles ayant un argument
Une femme en chemise grise se tient avec son bras sur s,0,La femme repose son bras.
Les travailleurs de la ville s'occupent d'un motocycl,0,l’aide à la personne
Homme asiatique en chemise et chapeau rouge en discussion,2,Les hommes sont sur les navires de surf
Deux hommes situés sur un toit se préparent à regarder dans une chemin,1,Deux hommes attendent l'ascendance santa
Une femme danseuse danseuse dans une mini-robe noire dans une pose,0,Une femme danseuse danseuse dans une mini-robe noire dans une pose
"Un enfant ayant des chaussures vertes, des shorts rouges et",0,Un enfant se trouve à l'extérieur.
Une femme parle de façon animée à son compagnon à côté d,0,Une femme est à l'extérieur.
Un homme assis sur le bord d'un quai avec un,2,"L'homme est à l'intérieur, boire de la bière"
Un chien humide qui porte un bâton dans sa bouche s,0,Un chien porte un bâton.
homme et femme en costume de halloween en ayant une conversation,2,Deux personnes naissent.
Une petite fille et une fille plus âgée en robe blanche se,2,Les robes sont noires
Un homme en capuchon blanc faisant un tas de patin,1,Un homme s'apprête à skater avec ses amis.
quatre petits chiens en traversant un champ vert avec des fleurs jaunes,0,Quatre petits chiens à l'extérieur.
Un chien joue dans l'eau.,0,Le chien est en eau.
Deux hommes regardant une vieille voiture battue.,2,Les deux hommes ont leurs yeux fermés.
Un homme en chapeau s'approche d'un signe.,2,Un homme quadriplégique regarde un signe.
Un homme en veste se tient derrière l'homme muni,0,L'homme ayant la motocyclette se tient devant l'homme dans
Les filles s'enfoncent à la caméra.,1,Les filles veulent capturer ensemble la meilleure image.
Homme et femme se baignant sur une rue publique.,1,Un couple est en date.
La personne en casque jaune saute un cheval brun au-dessus d',0,Une personne et un cheval sont au-dessus d'une clôture.
Un homme en chemise blanche marchant un vélo.,0,Un homme marche son vélo dans une chemise blanche
Deux chiens se joignent l'un avec l'autre dans les,1,Il y a des chiots qui chassent deux gros chien
Un homme portant une calotte de baseball est en skateboarding.,0,Un patinage à patins en portant un chapeau.
Un bébé dans une tubette bleue qui prend un bain.,0,Le bébé prend un bain.
Un jeune enfant ayant des cheveux curieux sauvages s'asseoir sur,1,Un jeune enfant à cheveux curieux sauvages s'asseoir sur une
Un homme blond et un mohawk dans un t-shirt de,0,Un homme ayant un mohawk a un téléphone cellulaire.
Le pâturage s'éteint au milieu d'une,0,L'eau s'échappe d'un évaporateur.
Les artistes en sourds oranges se trouvent dansés sur scène,1,Les artistes interprètes ou exécutants exécutent un spectacle dans un grand
Un homme effectue un ralentissement en vélo de terre au-dessus du,1,Un homme participe à un concours.
Un cycliste fait un saut sur une rampe couverte de graffiti.,2,Le cycliste s'alimente au petit déjeuner.
Trois personnes dans un groupe de voitures dans ce qui semble être une scène urbaine;,2,"Il y a trois femmes, dont aucune ne porte des tasse"
Une femme dessine une caricature de deux personnes.,1,Une femme dessine une caricature à la promenade.
Un homme pose un pic dans un musée.,2,Un homme utilise la salle de bain dans sa maison
L'homme s'est en face sur la semelle de tournage automat,1,L'homme est fatigué.
une femme à côté d'une table.,2,Une femme est assise à une table
Jeune fille qui marche sur le sable dans une robe bleue portant,2,Une jeune fille dorme au lit.
Une personne qui se trouve à l'extérieur utilise un parapluie dans,1,Quelque chose se pose sur le trottoir.
"l'intérieur de la fosse, il y a une",0,Un chien brun se trouve près d'un chien noir et tan.
Deux jeunes mâles blancs se trouvent à l'extérieur près de nombreuses,2,Un homme naît.
"Deux jeunes filles brunettes, l'une en robe bleue",1,Ils se trouvent dans une danse
Vous avez l'occasion de vous rendre en vélo en hiver,2,Le couple est en colère.
Un musicien et une foule à côté de la scène à,1,Les gens s'assistent à côté d'un ensemble d'
Un chien saute sur un pâle de billes.,0,Le chien saute.
Une femme tirée sur un grand tricycle par plusieurs chiens de traîneau,2,Une femme est tombée du traîneau.
Un jeune homme porte un costume bleu et un manteau gris.,1,Le jeune homme attend froidement un autobus.
Une petite fille joue avec un puzzle en bois.,1,l'épaule en bois est âgée de 80 ans
Un homme en t-shirt blanc et des sceaux den,1,Un homme en casque est en skateboarding.
Deux enfants et un chien noir se jouent dans la neige.,0,Deux enfants jouant dans la neige avec un chien noir.
Un groupe de personnes à l'extérieur d'un bâtiment.,2,Un bébé est sur une table.
Des hommes jouant du volleyball dans le sable.,2,Les hommes naissent dans l'océan.
"Deux hommes, l'un en chemise bleue et en",1,Deux hommes regardent les avions en s'enfonçant
Un homme en courtes bleues évolue dans un bateau,1,Un homme est heureux d'être en bateau.
L'enfant se remet sur les chevaux en gardant ses cheveux,1,Un petit garçon qui s'envole à un cheval noir.
Un interprète se tue de la scène dans une foule de fans,2,Il saute sur la scène.
Un étrange homme joue ses douillets de baguette dans la,1,L'homme joue un guichet funéraire.
Un jeune enfant vêtu de petite caisse rouge.,1,Une fille est prête à faire des tas ou à traiter
Un patineur en piquet en recouvert d',2,Le patineur regarde à l'extérieur de la fenêtre sur un chien qui
Une femme qui marche avec un Sheltie à travers un cours d',1,Une femme marche rapidement
Un homme en chemise blanche et rouge assis sur une couch,2,L'homme se tient à la fenêtre.
Le lac est très peu profond.,0,Il s'agit d'un lac peu profond.
Un rapprochement des mains d'un homme en faisant la,0,Un homme moule la raquette.
Un vieux monsieur assis dans une pièce foncée avec peu de lumière,1,Un vieux homme se cache dans une pièce sombre.
steve jobs siège à côté des portes de bec en chaises rouge,0,Steve Jobs et Bill Gates siègent à côté de l'autre
L'homme lit un journal dans un restaurant extérieur.,2,L'homme lise la Bible dans l'Église.
Un bébé est en train de se remplacer pour le calmer à,0,Un bébé est réconforté à la fin de crier.
Une femme vêtue d'une veste noire reposant sur un,0,Une personne est sur un plateau dans un magasin.
Deux hommes jouent la croisée ou le hockey sur le terrain.,0,deux hommes jouant des sports
Une femme en s'embarrassant d'un homme dans,0,La femme et l'homme se soignent les uns des autres.
Une femme porte une chemise rayée devant un jeune garçon à lunettes.,0,Une femme et un garçon.
Person performing yoga by the ocean.,1,La personne fait de l'exercice à l'extérieur.
Une femme mange une salade dans un stade.,0,Une femme mange une salade dans un stade.
Un couple se mutile et un d'entre eux tient,2,Personne ne porte un signe.
Deux garçons s'en tiennent heureusement à la char.,2,Un garçon tirer une charrette
Un homme âgé ayant une longue barbe grise joue sa fl,1,Un homme plus âgé tente de jouer sa flûte mais
Un homme en chemise blanche retient un radeau en,2,l’homme en vole un avion
Un homme assis devant une grande publicité en acier Calvin Klein avec,2,Un homme se tient devant une annonce d'instruments
Le panneau sur le bétail des crabes au marché indique 12 $,2,Il y a un chat sur le marché.
"Un homme s'envole, en arrière, en",2,l’homme lave son bateau
Une femme dans un cimetière à la recherche d'un objet,0,Une femme à l'arrière-plan ne peut pas s'
"une longue table de conférence dans un bureau, divers professionnels consultent leurs documents",1,Les gens travaillent à un nouveau lancement de produits qui doit être réalisé en 48 heures
Un joueur de tennis blond en action sur un terrain de pelouse.,2,séna williams dorme sur le tribunal
Un joueur de basket-ball a tiré un tir libre.,2,Un joueur de baseball se prépare à voler une base.
Un homme et une femme à une sortie se parlent mutuelle,0,l’homme et la femme parlent
Un homme dorme sur la plage après avoir enlevé son casque.,1,Un homme dorme par son vélo.
Des hommes s'enfonçant devant des camions de déchets verts dans,1,"Dans le stationnement du Dollar familial, des hommes se trouvent devant les camions"
Touriste utilisant les jumelles pour obtenir une meilleure vue sur l',1,Touriste en quête de l'océan Pacifique
Une foule de femmes et d'enfants se mournent,0,Une foule de gens se trouvent autour.
Une fille qui s'est rendue à travers un graffiti sur un mur,1,Une fille triste qui s'est rendue à travers un graffiti sur un
Trois femmes d'âge collégial siègent dans des chaises re,2,Il s'agit d'une femme.
Les garçons en port d'athlétisme exécutent des,0,Les enfants s'entraînent à l'extérieur
et sa jeune fille en savourant une alimentation dans,2,l'enfant joue le baseball
"Un homme dans une suite noire, à l'intérieur d'un",0,Un homme a un saxophone.
Un groupe de motocyclistes mâles se trouvent en dehors d,1,Le groupe de bicyclistes vient de terminer une longue randonnée.
Un homme en équipement d'alpinisme regarde une femme à,1,La femme porte des engins d'escalade.
"Un homme à lunettes de soleil, un chapeau rouge et des",0,"Un homme en lunettes de soleil, en couvercles de pêche"
Il y a un chien qui lira ses ciments.,2,Un chiot dorme.
Les liens d'image sont brisés.,0,Les liens vers les images sont brisés.
L'homme en vêtements blancs s'enfonce à une femme dans,0,Un homme en blanc s'enfonce à une femme.
L'ourset est tan avec un nez brun et un,2,Le chien est rouge.
Un chien brun léger saute sur un obstacle qui a un feu sur chaque,2,le chien est assis
Les gens prennent leurs vêtements à l'extérieur de leurs tentes,2,Les hommes en vêtements de ski se dirigent vers les pentes
Quelqu'un en engins d'astronaute est submer,0,Une personne en équipement d'astronaute est placée sous l
Un homme qui porte des lunettes et un manteau de laboratoire est so,0,Le gentleman n'a pas de vision 20/20.
Deux femmes sont en cuisine et parlent et deux hommes parlent dans,0,Quatre personnes sont en cuisine.
"Un travailleur d'assainissement, transportant un sac e",1,Un nettoyant de rue en nettoyant une rue occupée
Une femme noire et un homme blanc travaillant dans une usine en,0,Il y a des gens de nombreuses races qui travaillent dans les jars
Deux femmes se trouvent dans une rue jouant une guitare bleue e,2,Les femmes jouent des trompettes.
Un homme portant une chemise noire s'envole à,1,Djing porte une chemise noire pour identifier facilement.
"Un petit garçon à cheveux blond, qui porte des vêtements bleus et",2,a femmes dansent
Plusieurs adultes se présentent mutuellement ou examinent les documents distribués,2,Les gens sont agréés pour voir un film.
Deux chiens marchent sur le chemin de la terre.,0,Les animaux se déplacent.
Deux touristes photographient une campagne et des ruines,0,Deux visiteurs prennent des photos du paysage.
"Deux femmes dans une rue en Inde, l'une en plong",2,Les hommes s'alimentent en eau potable.
Un homme dans une suite bleue en bouillant sa jambe,1,Un homme s'enfonce à sa jambe parce qu'
Un chien saute sur une soude d'arbre.,1,Le chien à l'arrière se saute au-dessus de la sou
Un garçon portant une chemise verte emprunte un scooter en amont,1,Un garçon livre des journaux.
Un homme en veste rouge et un enfant en pelle,0,"Il y a deux humains, un adulte, l'autre un"
Une femme noire regarde une fenêtre sur un bâtiment blanc.,1,La femme regarde le bâtiment blanc.
Des pompiers autour d'un bâtiment brûlant la nuit et pul,0,Il y a un feu.
Deux femmes en chemises et chapeaux verts travaillant dans,1,Les femmes aident à s'occuper de leurs clients.
Les protestataires veulent apporter des troupes de la guerre.,2,Les protestataires regardent à la maison la télévision.
Une fille dans un dessus-citerne et un capris,2,Un garçon pond sur les voies ferrées.
Un homme d'âge moyen est sur le point de frapper un ballon de,0,L'homme se trouve près de l'esclavage.
Un homme est élevé sur ses mains sur une plate-forme bleue.,1,L'homme parle de politique.
Un joueur de baseball portant un uniforme blanc et bleu jette un baseball,2,Un joueur de football portant un mini-skirt s'envole avec
Deux jeunes garçons portant des chemises et des couteaux,0,deux garçons en tas s’enfoncent à leur
"En avant-plan, une femme en jeans roses aide un enfant dans un",0,Une femme tente d'aider un enfant à apprendre à skate
Une femme ayant une chemise bleue portant un chapeau porte une jeune fill,0,La femme tient un enfant.
Un remorqueur jaune du Labrador s'envole dans,2,un chien marche sur l'eau
Trois individus jouent un jeu de Monopoly.,2,Trois personnes ont mangé tout l'argent du monopole.
Femmes patineurs sur glace.,2,Une femme s'est en train de patiner à roulettes sur la
Le nouveau-né pond dans le lit légèrement recouvert d',1,Un bébé prend un sommeil.
Travailleurs de construction en chapeaux durs construisant une maison.,1,Les travailleurs construisent une petite maison pour une famille.
Un jeune homme ayant de longs cheveux frisseux retirés dans,1,Un homme pratique pour son spectacle solo sous la mer.
une femme portant une robe pourpre et un sac à dos bleu,1,Femme portant des robes et des lunettes de soleil
un groupe de personnes traversent une rivière,0,Un groupe de gens traversent la rivière.
Les gens regardent comme une voiture bleue s'apprête sur un pont,0,Les gens regardent une voiture.
Deux parents se joignent l'un à l'autre dans la,2,- - - - - - - - -
De nombreuses personnes se trouvent sur un passage à l'arrière.,2,Les gens se trouvent sous un passage supérieur et regardent les voitures.
"Deux hommes près d'un bâtiment, un fume et tire un gan",1,Un homme et son patron parlent du projet.
Un oiseau se tient sur une roche surplombant une chute,2,Le chien s'est bouillé sur la roche.
Un jeune homme en tas bleu et une jeune fille,0,Un homme et une fille sourire l'un sur l'autre
Un patineur fait un saut à partir d'un banc en bois,0,Un skateboarder fait un saut.
Un homme qui croit le côté d'une falaise et qui,2,Un homme qui s'envole sur une falaise.
Une femme portant un chapeau évolue à vélo.,2,l’homme s’est écrasé dans une voiture
Un homme vêtu d'un peintre blanc et,1,"Un homme se tient dans une porte, gardant une tête d'élé"
Un homme portant une chemise multicolore porte un mégaphone.,1,Un homme se prépare yo parler à un grand groupe à l
Trois hommes âgés regardent des livres en exposition dans une librairie,2,Une femme regarde un film sur son ordinateur portable.
Un sans-abri s'agissant d'un chantier de construction.,1,Une personne haute standing
Un homme dans le parc capturant des frisbees.,2,Une femme se baigne sur la plage.
Un groupe de personnes à un comptoir avec un jeune homme en chemise,0,L'homme sert le groupe de personnes.
"Dans une rue du trottoir, une jeune femme portant des chaussures de",1,Une femme en pause de travail commande de nouveaux pneus pour sa voiture.
Trois personnes se trouvent sur un trottoir.,0,Trois amis marchent.
Une bande s'exécute sur une scène bordée du lac.,0,Le groupe joue une chanson.
Une rue avec feux de rue et un arrêt d'autobus,2,Une rue est en construction et ne comporte pas de trott
Deux femmes à proximité d'un panneau.,2,Deux femmes se promènent dans la rue.
Une femme portant des pantalons bleus et une chemise bleue,2,Une femme porte des pantalons rouges
Un homme portant des lunettes de soleil joue la guitare.,0,Un homme joue la guitare.
Le petit garçon se trouve à côté de son scooter.,2,Sa mère l'observe.
Quatre personnes regardent quelque chose.,1,quatre personnes regardent un jeu
Femme en chemise blanche et jupe noire et blanche,1,La femme est dans le jardin.
Un grand chien noir marche le long de la bordure de l'eau.,0,Une grande canine se trouve sur la rive.
Deux personnes assiment à une table avec du vin devant elles et un,0,Deux personnes sont présentes dans cette image.
Une jeune fille en t-shirt jaune est sur le point de lancer une ball,1,La fille porte des sandales.
Une femme sourire en cratrant une fleur dans ses mains.,2,La femme s'enfonce.
Un homme en costume et chapeau joue la guitare dans la rue.,1,l'homme s'enfuit
"Trois personnes qui nous semblent préoccupées, une fille en a",0,Il y a des personnes inquiets sur cette scène.
Une femme en jaune travaille à un stand de fruits extérieur alors qu'un client,2,Une femme en rouge travaille dans un boucherie.
De nombreux surfeurs sont en mer et attendent une vague.,1,Ils attendent la vague de leur vie
Un chien brun et noir se trouve dans la neige et il est,1,Un chien de sauvetage situé dans la neige sur une montagne.
Un homme et un garçon se posent ensemble derrière une clôture,2,Les gens sont dans un hôtel.
Plusieurs personnes assident sur un banc pour regarder le trafic.,1,Plusieurs personnes assises sur un banc à regarder des voitures.
L'herbe dans le champ est courte.,0,Le terrain a été en général approuvé récemment
Deux jeunes filles se parlent l'un avec l'autre sur une,0,Il y a des filles à l'extérieur.
Un homme ayant une épée et des engins de combat traditionnels,2,Un homme tient des fleurs.
Toddler avec du lait autour de sa bouche.,1,Un enfant s'est enlevé le lait sur lui-même.
Une femme asiatique attendant à un arrêt de train souterrain.,2,La femme s'occupe de la cuisine.
Une petite fille s'enfonce et regarde une lentille.,0,Une fille s'enfonce.
Les gens marchent le long des trottoirs d'une ville,1,un groupe de personnes en attente
Deux bergers allemands jouant avec un bâton.,1,Les chiens sont en train de se mettre en train.
Les adolescents regardent à l'extérieur d'un autobus.,2,Une femme regarde son bébé.
4 hommes fouillent un trou pendant qu'ils travaillent sur une route.,0,Des hommes travaillant sur le trou extérieur.
"Trois hommes s'établissent sur un terrain de golf, l'",2,a
"Deux personnes, une en châssis rouge, se trouvent",1,Deux personnes se trouvent en bordure de l'eau.
Un homme travaillant derrière une zone marquée par une bande de «,0,L'homme travaille à la gare.
Deux hommes vêtus comme Père Nol dansent sur un ledge devant,0,Hommes vêtus comme Père Nol
Quatre petits enfants en vêtements sélectifs.,2,Les enfants sautent sur le trampoline.
une femme en chemise rouge en traînant une tomate.,0,Une femme en chemise rouge tue une tomate.
Les gens qui s'occupent de vêtements maison s'assu,2,Un homme dorme.
Une fille portant une chemise rouge rayée est sur le point de lancer,1,Un concurrent jette une balle de soccer.
Un joueur de tennis masculin portant une chemise bleue et des courte,0,"Il y a un homme dans cette image, et il est"
Une jeune fille en tenue culturelle danse pour les spectateurs en a,0,Une jeune personne en tenue culturelle danse pour les spectateurs en vue.
"Je vous aime si beaucoup, allez-vous me marier?",0,Je vais-je me marier?
Un homme assis dans un Exuma avec trois autres hommes autour d,1,d’une personne se tient à l’aise tandis que
L'homme dans la veste de cuir noir est joué de sa bicycle,0,L'homme a une veste en cuir noir.
Deux personnes sont dans une tubette.,0,Ils sont dans la tubette chaude.
Un chien en laisse marche sur le trottoir alors qu'un autre chien suit,0,Les chiens marchent sur le trottoir
Une personne en vélo équitable par un panneau orange vif.,1,L'homme emprunte son vélo en construction.
Un garçon à l'aise naissante.,2,Un garçon marche.
Un homme portant une chemise rayée et une femme ayant,2,Deux femmes dansent.
Un garçon en troncs de nage orange et blanc tombe dans,0,Un garçon tombe dans l'eau.
Une jeune fille s'envole à pieds nus sur une plage,2,un garçon mange un cône de glace
Un groupe d'enfants en rouge et blanc jouant au soccer,0,Certains enfants jouent de balle.
Un chien noir en marche.,2,Un llama est en train de se cisailler.
Quelqu'un est embarqué sur une bicyclette turquoise.,1,Quelqu'un saute à l'air d'une bicyclet
Un groupe de personnes en vêtement occasionnel sur une pelouse,1,Les gens apprennent le yoga à partir d'un enseignant à
Un homme en jeans bleus assis sur les épaules d',0,Certains spectateurs regardent une représentation.
Un homme portant un tête-sucre bleu et un,0,Un homme dans un tête-souris s'enfonce
Une bande secondaire marche dans un défilé.,0,Il y a un défilé.
d’un homme et d’un loup dans la neige,1,Un homme et un loup se trouvent en arrière dans
Un enfant à cheveux blonds et à flottilles,2,Le garçon dorme dans une tente sur la plage.
Il y a un groupe de personnes et un chien noir dans une salle de,2,Un chien attaque violemment un groupe de personnes.
Une femme asiatique s'enroule sur un bateau chargé de fournitures.,1,La femme prend les fournitures quelque part.
Les danseurs dans un sport même en spectacle pour les stands.,2,Les danseurs exécutent à l'école secondaire.
Une foule de mâles à la plage se jettent en arrière,1,Un gang de dudes sur la plage après un mariage.
"Un groupe de personnes, dont une religieuse, une femme et un homme,",2,Un groupe de gens va danser
Deux adultes et un petit garçon s'assujettent sur un,0,Les gens s'asseoiront.
Deux hommes plus âgés s'assurent derrière un bureau à hauteur,0,Les hommes sont des hauteurs différentes.
Jeunesse garçon en boue dans la terre avec une petite pelle,2,Le garçon s'envole à partir d'ombombes
Une femme dans une grande robe rose danse.,1,Une mariée en robe rose est dansante.
Un chien brun et noir marche dans la neige avec sa langue s',1,Un chien renonce à la chasse d'un autre chien et
Un homme portant un t-shirt blanc et des pantalons de,2,Une femme répare un toit.
Le golfeur s'envole au ballon en regardant les spectateurs,1,La balle s'enfonce dans un piège de sable.
Un homme en fonds rouges bouchant en roue à,2,Un homme assis sur sa couche.
Le garçon en chapeau rouge et en veste porte un énorme,2,Une fille qui s'enfonce des fleurs.
Personnes assises sur un autobus ou un avion.,1,Ils voyageront.
Quelqu'un laisse le petit garçon se lever.,0,Il y a un petit enfant dans cette image
Un petit enfant en chemise noire et pantalons rayés,1,l'enfant est un garçon
Les villageois vendent leurs cultures sur le marché.,2,Les villageois regardent t.v.
Un groupe en vue d'un rideur à cheval.,2,Le groupe se trouve dans un cinéma.
"Femme et quatre petites filles, près de gâteau avec bougies.",1,C'est l'anniversaire d'un enfant et ses amis
L'homme en shorts noirs et en châss,2,L'homme joue le basket-ball.
Un motocycliste en cuir marche vers sa moto.,2,Un vélour se déplace à pied de la voiture d'une personne.
Un chien tan portant une chemise rouge traverse l'herbe,2,Le chien se trouve à l'intérieur d'une maison.
Les danseurs de Mariachi s'habituent en robes blanche,2,Les danseurs prennent une pause avant leur prochaine danse.
Une fille s'enfonce à l'arrière-plan avec,2,Les quatre filles essaient de lancer la même balle.
Deux femmes ayant une souche à tête s'examinant,1,Les deux femelles se couvraient de chapeaux pour bloquer le
Une course blanche dans la terre et l'eau,1,Un conducteur professionnel manufacturier une voiture.
C'est une belle soirée avec la rivière et le soleil.,1,Le ciel est rouge
Huit travailleurs construisent un échafaudage en acier.,0,Les travailleurs de la construction aident à construire un échafaudage
Une femme en hula-hoop vert devant une foule.,0,Une femme agite ses hanches.
Une femme en jupe florale qui marche par le tapis de blanchisserie,0,Une femme traverse un tapis de blanchisserie.
Un petit garçon portant un sac à dos saute d'un,1,Le petit garçon saute dans le parc.
Un musicien tatoué à forte teneur en t,0,un musicien parle en micro
Un homme qui prend une photographie et qui tient une carte postale,0,L'homme a une caméra.
Une femme gardant le broom à côté des roches en,1,Un homme en hauteur.
Cet homme est en course à vélo.,0,Un homme évolue à l’intérieur d’un cycl
Cowboy en rouleant un taureau portant une veste bleue,0,Un homme évolue à bord d'un animal.
Une femme assise derrière un jeune garçon avec ses mains sur sa,2,l’homme a l’habitude de s’en tenir à
Un homme en rouge et noir frappe une balle de soccer avec,2,L'homme joueait le basket-ball avec ses amis.
Trois chiens à pied sur le bord de l'eau de la r,0,Les chiens marchent sur la rive.
Un joueur de football tente de s'attaquer à un autre joueur qui,2,Quelque chose est à l'intérieur d'un spa.
Une femme en jeans et une cabane sur un passage inférieur dorman,1,Une femme en capote dorme sur quatre sièges du métro.
Un chien s'étend sur la neige et a un gros bâ,0,Un animal est en mouvement avec un objet.
Une bonne glisse dans la maison à un jeu philly,1,Un homme vient de s'installer dans la base de son domicile.
"Une foule de gens regardent quelque chose hors cadre, un homme prend",1,Ils cherchent à obtenir quelque chose d'intéressant
un garçon effectue un ralentissement sur un moto BMX.,2,Le garçon danse.
Les gens qui regardent des aliments sur une table.,0,Les aliments ont été préparés.
Groupe de personnes dansant les uns avec les autres.,0,Le club était à la fois abondant de grands danseurs.
Une femme dans un lit d'hôpital ayant un nouveau-né.,2,Une infirmière a la charge d'un nouveau-né à
Les spectateurs regardent un tournant de taureau à mesure que le tour,0,Les spectateurs regardent un tournant de taureau comme un tournant de
Un garçon sur un scooter à l'extérieur d'un magasin de jouet,0,Il y a un garçon sur un scooter.
"Une souriante femme foncée, tenue dans une chemise blanche",0,La femme a un instrument.
Une personne en uniforme bleu et blanc de baseball se tient sur un pied,0,Une personne tient une chauve-souris.
Un motocycliste saute dans l'air alors que quelqu'un,2,Le pilote est seul au milieu de l'océan.
"Un noir habilé à l'aise, fumant une cigarette,",0,Un homme a une fumée à l'extérieur.
Un jeune garçon à cheveux bruns marche avec une balle de soccer.,0,Un garçon a une balle de soccer.
Une fille plie la blanchisserie dans ce qui semble être une très petite pièce,0,une fille se plie
Un garçon saute dans une piscine tandis que les gardes de sauve,1,Un garçon saute dans la piscine tandis que ses parents et un
"Quatre personnes assient sur un rail, tous avec leur dos en avant",2,Quatre personnes sont allées au lit.
Deux petits enfants dans les promenades ont des visages à l',1,Les petits enfants adorent de porter des maquillages.
Deux filles préadolescentes écoutent de la musique,1,La musique est fort.
"Cinq musiciens, trois femmes et deux hommes, regardent sur un mur avec",1,Les instruments sont des guitares.
2 garçons et leur père jouant avec des feuilles.,1,l’assainissement des feuilles
Une fille fait un kiosque sur un trampoline extérieur t,2,"Une fille fait un kiosque sur un trampoline intérieur,"
Un joueur de balle molle s'envole vers la plate-form,1,il y a un tournoi
Un homme âgé qui regarde une statue masculine nue.,1,l'homme est un sculpteur
Un homme se tient avec ce qui semble être une table de sacs à main,1,Un homme se tient avec ce qui semble être une table de sacs à main
"Un garçon asiatique en orange, blanc et noir célébrant la fête de",0,un jeune enfant tient un sode et un ballon pour la journée des
Un garçon ayant des lunettes portant une chemise jaune vif se trouve,2,Une fille joue avec sa collection de poupées.
De nombreux hommes en combinaisons humides et lunettes de boucle,1,Les hommes sont à une cérémonie d'ouverture grandissante.
un jeune garçon portant un chapeau dansant dans la rue,2,Un jeune garçon dormant sur une couche.
Une fille tient un panneau qui oriente vers une lave-auto gratuite.,2,Une femme marche son chien à côté d'une lave-auto.
"Un homme vêtu de diverses teintes de vert, n",1,Un interprète portant le vert a un truc pendant un acte de
"Une femme, portant une sévère grise qui a quitté le",2,Une femme porte un helment de football
Un homme qui fait la construction d'un bâtiment.,2,L'homme lise le journal dans la taxicabine.
Un vélour s'envole devant une foule.,1,Le vélo est célèbre.
Un chien tan jouant avec un bâton sur la r,2,Le chat aime les boules de fil.
Un homme préparant des aliments dans sa cuisine.,1,le chef prépare des repas dans un restaurant
Une femme ayant un sac de bourreau sur sa tête conduit deux,0,Une femme ayant un sac à sa tête conduit des crotales.
d’un homme en sommet foncé d,2,une femme en sommet foncé tient une barre de
Un jeune homme mange un cône de crème glacée de chocolat à,0,l’homme mange un cône de glace
"Les enfants dansent dans un parc devant un gros objet gonflable, noir.",0,Les enfants dansent l'un avec l'autre pour se divertir
Un homme muni d'un chapeau de cowboy et d,2,l'homme tient un signe de liberté
"Les ours mannequins sur le gâteau sont verts, orange",2,Le gâteau a un givrage blanc et n'est
Ce groupe de personnes traverse un stationnement couvert de neige.,0,Les gens en hiver.
Deux danseurs mâles en chemises bleues et en,0,Deux hommes dansent devant les femmes.
Un bateau de voilier à maintes personnes navigue sur l'eau.,0,Le bateau est sur l'eau
Un homme qui a cartré une petite fille dans un baril de t,1,L'homme enchaîne sa fille.
"Deux personnes en avant, une femme en chemise blanche et un",0,"Deux personnes dans un parc, avec une remorque en fond."
Deux chiens se battent avec un jouet dans la cour.,0,Certains chiens jouent à l'extérieur.
Un homme vendant des ballons créatifs dans la rue.,2,L'homme s'envole en cercle
Une femme et un mâle s'assistent chacun sur le cana,2,Les gens sont à l'école.
Sept hommes sur le pont d'un voilier accomplissant différentes tâches liées,1,Les hommes naviguent dans l'océan.
Un homme et une femme se trouvent sur une plage avec d',2,La plage est contaminée.
"L'homme porte un dessus de char en coton gris, un chapeau de",0,Un homme portant un chant dans un microphone et jouant un bass
Deux chiens bruns jouant dans l'eau,2,les chiens sont tous deux rouges
"Dans cette image, tous les hommes des deux équipes de basket-ball ayant des",0,Les gens sautent.
Une femme en chemise blanche porte des lunettes.,2,La femme est recouverte de boue.
Trois personnes exécutent des exercices sur l'herbe.,1,Un petit groupe de yoga pratique dans un parc.
Les gens prennent leurs vêtements à l'extérieur de leurs tentes,1,Les femmes ne sont pas en mesure de se dérober
Deux petites filles en costumes rouges et noirs posent une,2,Les garçons sont en costume.
Deux hommes construisent un jeu comme pour une pièce peut-être.,0,Deux personnes construisent un espace où une pièce peut avoir lieu.
Une femme âgée s'occupe d'un bébé et le maintient,1,Elle est mère
Un joueur est attaqué pendant le jeu de football.,1,Deux équipes rivales se trouvent au Super Bowl.
Un grimpeur en arrière d'un chapeau dure jaune est,1,Ils se fatiguent de l’escalade
Quatre filles sautent sur le sable près de l'océan,2,Deux garçons jouent sur une boîte x.
"Un homme noir, sur un trottoir de la ville, joue l",1,Un homme recueille de l'argent pour jouer de la musique.
Un vieux homme en blanc et rose joue une guitare acou,0,Un homme joue un instrument.
Un adolescent développe sa technique de skateboarding devant un magnifique,2,Les adolescents brisent le skateboard.
Un couple nouvellement épouse prend une photo à l'extérieur des marches,1,Il est chaud à l'extérieur.
Quatre hommes (un porteur de lunettes de nage bleues),0,Quatre hommes (un porteur de lunettes de nage bleues)
L'homme s'éloigne du côté d'une falaise.,1,Il y a une personne qui skie et il est tombé
Un chien blanc transporte un flop rose dans la cour verte.,2,Le chien porte des flops.
Une femme porte une chemise rayée devant un jeune garçon à lunettes.,1,Une femme achète des vêtements pour son fils.
Un homme qui pêche le long du quai capte quelque chose à bord,0,Un pêcheur fait une prise.
Un chien noir mouillé saute dans une piscine pour récupérer une balle.,0,Un chien s'enfonce à y attaquer une balle.
Un homme et une femme sont vus par la clôture assise,1,"Un couple est assis à l'extérieur, s'en sentant"
Les trois garçons tiennent tous un dispositif de flottation dans l'eau,1,Les garçons portent des vêtements de fête.
Une communauté sud-africaine se réunit pour observer un événement.,2,Toute la communauté est à la maison en toute tranquillité
Deux hommes asiatiques travaillant sur le côté d'une rue avec des voitures,1,Il y a des hommes qui travaillent à l'extérieur.
Une femme et deux enfants marchent dans les étages supérieurs d',2,Il y a des gens qui se trouvent près d'un carnav
Six éclaireurs et pompomas en robes d’,0,Six éclaireurs en robes d'appoint sont en
"Deux enfants, un garçon en chemise bleue et une fille",1,l’enfant essayait de s’étonner à la bull
Trois personnes assiment à la table par la sirène rouge.,2,Deux personnes s'étaient éloignées de la sirène.
Une personne conduit une VTT par la boue.,2,Une personne conduit un camion-fourgonnette.
Trois jeunes hommes boussant sur un terrain derrière un barbecue souriant,2,Les hommes ont un sentiment de peur au sujet des activités de la journée.
Deux pompiers discutent de leur travail.,2,Des policiers s'envolent dans une voiture d'esca
Un petit chien brun porte une jupe de denim.,2,Un petit chien brun porte un chapeau bleu.
Un jeune couple dans une ville occupée,0,Il y a un couple dans la ville.
Une femme en chandail brun cure sur sa,0,Une femme portant un chandail céle à sa
Un groupe de coureurs jogging dans la neige près de certains bâtiments,1,Il est froid à l'extérieur de l'endroit où ils
Un homme chante dans son microphone.,1,Un homme chante sa chanson.
Un homme regarde l'eau.,0,Ce gentlemen s'intéresse à quelque chose.
Une course à vélo se glisse sur la colline vers un drapeau tand,0,Quelque chose s'enfonce en descente.
Une foule de gens se rassemblait dans une ville.,2,et ils s’en trouvent.
Un bulldozer jaune qui s'emploie à déplacer la terre.,-1,un camion jaune fait du travail
Un groupe de randonneurs se repose sur le sol devant certaines montagnes.,2,Un groupe de randonneurs est à l'intérieur.
Cette femelle semble marcher sur le côté d'une maison bleue,-1,Elle était du côté du phare
Une motocyclette s'efforce de regarder dans l'océan,0,Quelqu'un évolue à vélo
Un choreau qui s'est rendu sur scène avec des photographes,2,Un choreau qui s'est rendu à l'extérieur sur
Un homme dans un cisailleur ouvrier sur un panneau.,1,Un homme en saut bleu fixe un panneau.
Le tableau de bord d'une voiture avec un jouet de chien brun et,0,Un jouet de chien brun et une poupée rose sur le tableau de bord
Deux petits enfants portant des vêtements d'hiver en dehors pât,2,Un groupe de personnes à une funérailles.
Un homme ayant des cheveux curieux et des lunettes essaie de,1,Le bateau est un navire de croisière.
Une personne sur une minimoto en vêtement rouge et un tuchoir,2,"Une femme conduit sa voiture préférée en arrière de la route,"
Un homme pratique un sport nautique.,0,Une personne est près de l'eau.
Les travailleurs de la construction fixent la voie ferrée.,2,Un groupe de pêcheurs assis sur un bateau en attendant que le poisson m
Cyclistes en train de se rendre dans la rue.,0,Personnes en vélo en roulement.
"Quatre femmes dans une salle de séjour, dont trois jouent clairement un instrument",1,L'une des femmes est de jouer la guitare.
Un homme ayant un chapeau de bowler bleu et jaune sur lequel,1,Un homme parle à une foule.
L'homme s'enfonce dans la rue à l'extérieur.,0,Un homme utilise un broom pour nettoyer la route.
"Un groupe de jeunes Asiatiques se trouvent sur des marches, mangent e",0,Les jeunes Asiatiques mangent sur les escaliers.
Femmes portant un gros verre d'argent à perspicacité port,2,Une femme porte un perspicacé bleu et de petits verres
Deux jeunes hommes se battent mutuellement au milieu d'un champ.,0,Le terrain a des gens qui se battent dans elle.
Un technicien d'un vêtement propre examine une pièce grise carrée de,0,Une personne regarde quelque chose
Un enfant en t-shirt noir et des shorts de bord sau,0,Quelqu'un utilise le trampoline.
Un homme en t-shirt bleu kisse une femme dans un dessus-,1,un couple marié a un verre dans un bar
Un homme plus âgé mène une vache blanche dans une rue surpeupl,1,Un vieux homme emmene sa vache sur le marché.
Une fille en vêtement de bain bleu se promène dans l'océan.,2,Personne ne marche.
Un adulte et un enfant courent le long d'un lac.,2,Un adulte et un enfant jouent un jeu de table à
Un pique-nique extérieur avec beaucoup de bouteilles d'eau,2,Il n'y a pas d'eau autour.
Une jeune femme vêtue de blanc et ayant des cheveux liés,0,Une femme utilise une brosse pour peindre un mur rouge.
Quatre hommes posent devant un bateau à l'eau sec; trois,2,Une vache remorquant sur l'herbe de champ.
Un homme qui lise un livre sur le trottoir avec ses pa,0,Un homme se trouve en dehors de la lecture.
Deux chiens bruns traversent l'herbe.,0,Les chiens se joignent à l'extérieur.
Deux hommes se courent sur bicyclette.,2,Un seul homme emprunte son vélo
Un homme assis sur le siège des passagers d'un camion,0,Une séance humaine
Un cycliste emprunte un chemin boueux à travers la forêt.,2,Un homme mange le dîner.
Une femme à une table regardant vers le bas.,1,Femme à la recherche de sa chaussure perdue.
Deux femmes attendent à la gare de métro.,0,Deux humains dans une station de métro.
Une fille et un garçon portant des lunettes de nage se t,2,Deux garçons célèbrent.
"Un bébé, portant une chemise « Je suis le Boss », cri",2,L'adolescent crie et enclenche
Plusieurs personnes marchent sur une escalier et descendent dans une allée,0,Personnes qui montent et descendent les escaliers.
Un homme en noir approche un objet d'argent étrange,2,Un homme noir est seul.
La main d'une personne fie un oeuf et le jaune,0,un uf est fumé
Une fille en robe blanche emprunte une route de campagne.,0,La fille s'envole à l'extérieur
Un homme en torse gris s'enfonce à l,2,Un homme agit les mains avec son ami.
Un homme tient un éclaircissement au-dessus de sa tête,0,l'homme élève la main
"Deux femmes, une avec une caméra, s'envolent et touchent",2,Deux hommes se battent
Une femme ayant des bottes noires et un manteau noir marche,0,Une femme est en attente.
Un groupe d'enfants en costume brun exécutent.,1,Un groupe d'enfants s'aperçoit au salon des talents de
Une personne assise dans une chaise brune et tient des sacs,1,Une personne tient le dîner dans les sacs.
"La femme en vertu de la veste rouge, bleue, orange e",0,l’homme est photographié
Un garçon et une fille jouant sur la plage.,0,Le garçon et la fille sont à l'extérieur.
Une femme emprunte une moto rouge.,2,Une femme conduit une voiture bleue.
"Une femme en dessus noir se tient avec un autre homme, affi",0,Deux personnes regardent des robes à l'intérieur de plusieurs hangars
Les gens assiment autour d'une table où ils s',2,Les enfants jouent en étiquetage.
Un homme âgé en cuir noir marche en arrière.,1,Un homme âgé se promène au magasin pour acheter des produits alimentaires.
Une équipe de soccer pour enfants se tient sur un terrain de soccer.,2,L'équipe était à une soirée de nage.
Une femme chasse deux moutons avec une broom.,2,Une femme assise avec les deux moutons.
Une jeune fille portant un bikini bleu.,2,La jeune fille porte un bikini vert.
Une femme en chemise rouge dorme sur une couche à t,1,La femme porte des jeans bleus.
Un groupe de personnes entoure une personne qui se couche.,1,Le groupe s'intéresse à la victime noyade qui pond sur la
Deux femmes à l'arrière-plan d'une provocation donnent,1,Les femmes sont propriétaires du Jeep.
"2 filles jouant en volley-ball, une frappant le",0,2 girs jouent des sports.
Deux joueurs de basket-ball masculins participent à un jeu professionnel.,1,Il y a deux hommes qui jouent le basket-ball en France.
Un grand chien noir s'envole dans le sable sur la plage.,0,Il y a un animal sur une plage.
Deux hommes en uniforme jaune utilisent un hammer à hameaux.,1,Il y a plus de deux hommes qui travaillent.
Trois chiens jouent à l'extérieur.,1,Trois chiens jouent avec des jouets à mâcher.
Deux personnes se trouvent au sommet d'une falaise surp,0,Deux personnes se trouvent près d'une rivière.
Un homme qui tient un patinoire contre un ciel bleu avec des nuages blanc,2,Un homme à skateboarding dans un parc de skate.
Un homme en orange en tout temps travaillant sur un chantier de construction à,2,Les vêtements de l'homme sont bleus.
La fille joue sur un jeu de swing avec des anneaux.,1,La fille joue sur un grand élan avec des anneaux dans le parc
Une personne vêtue de bleu et de noir regarde sur une vue,2,Les collines sont vivantes avec le son de la musique.
Un homme plus âgé coutume une jeune fille.,2,Une femme plus âgée s'encourage à une jeune fille.
Une personne se tient sur les pics de neige et de glace.,0,Une personne se tient sur la neige.
Quelqu'un effectue des éditions de crayons à la musique de,1,"Pour mieux comprendre la note de Violoncelli, quelqu'un fait des notes sur"
Une femme sportive portant des courtes bleues et rouges se,1,La femme tente de rompre son record de javelin.
Une personne ayant une canne prend un nappe sur un banc de parc.,1,L'homme sans abri a pris un nappe sur le banc.
"Une femme peint le visage d'une autre personne, qui est toutes deux",0,Une femme s'acquitte d'une autre femme
Une personne en veste noire en face d'un bâtiment en pierre,2,Une personne en veste rouge en moto.
l'enfant tente d'escalade d'une grande roch,0,Un enfant se trouve près d'une roche.
Trois hommes se trouvent sur un quai entre deux bateaux et,0,Des hommes se trouvent sur un quai.
Le garçon en tronc rouge de nage saute sur le sable,1,Le garçon joue dans le sable.
Un homme âgé souriant crée une poterie.,2,Un homme en pâturage assis à un bar
"Il y a une femme qui emprunte un vélo en amont,",0,Une femme s'envole à la roue à l'
Une femme portant un chapeau noir et des lunettes de soleil blanches marche,2,La femme ne porte pas de lunettes pendant la marche.
"Le jeune homme est immergé dans son livre, en s'apprenant",0,L'homme lise.
Un jeune garçon fabrique des steaks sur barbecue.,0,Un garçon cuisinier.
Une petite voiture s'envole sur deux roues sur une rue village,2,La voiture a quatre roues
Un chien se saute sur la plage de sable.,1,Le remorqueur d'or se retombe du s
Un homme en costume rouge et jaune évolue à travers le,2,L’homme assis dans le salon et s’est ét
Un homme s'envole près d'un mur où il,1,Un homme est à l'extérieur.
Un enfant ayant les mains sur sa tête.,1,Un enfant fait un exercice d'étanchéité.
Un homme se trouve sur son côté gauche dans l'herbe.,2,Un homme s'enfonce à mettre en péril un
Un homme ayant une chemise bleue assise sur un lit,2,Deux hommes sont sans chemise.
Femme en regardant d'un immeuble surprenant.,1,elle peut être regardée ciel
Un homme marche un porc sur une cisaillement en amont,0,Un homme marche un porc sur une laisse.
Un chien tacheté roulera sur un tampon placé sur,1,Le Puppy joue sur le tapis de porte avant.
Les enfants jouent dans un trou dans le sable à la plage.,2,Il y a des hommes qui marchent.
Les vieux assis sur un banc et regardant sur un ballon,1,Quelques personnes âgées se trouvent sur un banc blanc.
Un homme en gilets pourpre a une expression sur son visage.,1,L'homme souriant.
Les enfants ayant à jouer dans des housses de papier à,0,Les enfants jouent
Il s'agit d'animaux très bien aménagés.,0,Il s'agit d'animaux.
"Deux hommes, l'un plus jeune que l'autre et portant",-1,Les deux hommes portent des lunettes.
Un souriant homme vérifie son filet sur le bateau.,0,Un homme est à l'extérieur.
et d’autres artistes en scène appuyant les pôles,0,Les gens sur la scène tiennent des pôles de bille pendant la danse
Personnes qui se trouvent sur un trottoir.,1,Une foule se rassemble dans un magasin.
Un homme muni d'un capteur de baseball et d',0,Un homme se trouve dans une salle de bain avec une tasse de café.
Trois petits garçons sur la plage regardent un autre garçon à l'en,1,Quatre frères se trouvent sur la plage et jouent du
Un homme ayant une tasse rouge à la main parlant à quelqu,0,Un homme a une tasse rouge
Un homme ayant le drapeau et une femme derrière un chariot,0,"Un homme et une femme se trouvent à l'extérieur,"
Une femme ayant un chapeau assis sur un patinoire qui se trouve au,1,Une femme parlant avec son mari au parc de patins.
Le skieur s’incline vers l’avant dans la neige.,0,Le skieur laisse des marques dans la neige.
"Alors que de nombreuses personnes ont émigré avec leurs chemises,",1,Les gens restaient plus chauds avec des couvertures.
Les photographes se trouvent dans un parc où ils prennent des photos,2,Personne ne prend des photos.
Nous prendrons cette photo ensemble et la mettre en face.,2,l’on parle au téléphone à mille milles de distance
Un homme ayant une barbe dans les tuyaux de jouant,0,L'homme joue de la musique.
Un homme porte des blais de rouleaux à l'aise,1,Un homme en rouleaux prend une pause avant de retourner chez lui
Une jeune fille s'asseoira sur le trottoir devant une,2,Un garçon s'envole à travers une rangée de voitures station
Une femme qui s'enfonce à l'écoute d'autres,2,et d'autres maladies
Deux personnes se trouvent dans une pièce dont l'une fume les coups,1,Les deux personnes dans la salle sont des femmes.
Une foule en éloge et célèbre dans le théâtre avec des,1,l’artiste a l’honneur de célébrer le théâtre en raison de
Un homme gardant un panneau avec un chien sur une laisse.,1,Le panneau indique « aucune nouvelle taxe ».
d’un homme qui marche sur une allée,0,Un homme qui marche à l'extérieur.
Deux hommes assis et en emballage des produits de boulangerie,2,"Les produits de boulangerie sont pondus, non accrochés, sur"
Cette photographie exprime une frustration intangible.,2,Cette photographie est heureuse
Un conducteur se trouve dans une voiture de course d'équipe Penske.,2,Il n'y a pas de conducteurs sur la piste.
"Une équipe de chirurgie militaire, une en camouflage, effectue une",2,Une équipe de chirurgie effectue une chirurgie cardiaque ouverte dans un auditor
Un groupe d'enfants marchent ensemble en une journée brillante.,1,Un groupe d'enfants marchent le long de la plage
"Deux boxers se battent, l'un frappe l'autre.",1,les boxers se battent dans le ring avec la foule en fl
Un brisedancer en rouge et en noir est il,2,Un oiseau fait un nid dans l'arbre.
La fille s'enfonce à l'écran avec un garçon,1,et il ne s'agit pas d'une vraie
Un homme portant une chemise blanche et des shorts rouges,2,Une femme portant une chemise blanche et des shorts rouges e
Six hommes roulent sur un trottoir en mouvement.,1,"Six hommes roulent sur un trottoir en mouvement, en parlant"
Un enfant regarde son ami par l'arbre.,0,Deux personnes sont à l'extérieur.
un petit garçon en courtes et en chaussures de tennis se prom,2,Deux jeunes filles marchent ensemble.
Un homme roule dans l'eau et d'autres,0,Quelque chose fonctionne.
une fille en robe jaune se tient sur la chaussée,1,La fille en jaune attend un autobus.
Le dîner en sablonnement avec un travailleur qui s,1,l’employé donne des échantillons gratuits aux clients
Un jeune homme dans un chandail bleu nettoyant des poissons t,0,Trois hommes regardent un homme nettoyer un poisson.
Un homme portant un veston assis et fumant une cigarette,2,Une femme portant un vêtement assis et fumant une cigarette.
Un homme à sac rouge emprunte son vélo sur une rue urbaine humide,1,Un homme est situé au centre-ville.
Une femme s'assiste dans une porte contenant du tissu et un,0,Une femme s'asseit dans une maison.
